Brkenn,k,X_WERT,Y_WERT,wellid,losstype,pumploc,qlimit,ppflag,pumpcap,rw,hlim,qcut
W 5001,0,2531951.12,5659201.03,welll1,thiem,0,0,0,0,0.5,6,0
W 5001,2,2531951.12,5659201.03,welll2,thiem,0,0,0,0,0.5,6,0
W 5002,0,2531850.15,5659260.59,welll3,thiem,0,0,0,0,0.5,6,0
W 5002,2,2531850.15,5659260.59,welll4,thiem,0,0,0,0,0.5,6,0
W 5003,0,2531934.75,5659440.45,welll5,thiem,0,0,0,0,0.5,6,0
W 5003,2,2531934.75,5659440.45,welll6,thiem,0,0,0,0,0.5,6,0
W 5035,0,2531990.93,5657120.89,welll7,thiem,0,0,0,0,0.5,6,0
W 5035,2,2531990.93,5657120.89,welll8,thiem,0,0,0,0,0.5,6,0
W 5036,0,2531916.01,5657011.17,welll9,thiem,0,0,0,0,0.5,6,0
W 5036,2,2531916.01,5657011.17,welll10,thiem,0,0,0,0,0.5,6,0
W 5037,0,2531851.14,5656910.78,welll11,thiem,0,0,0,0,0.5,6,0
W 5037,2,2531851.14,5656910.78,welll12,thiem,0,0,0,0,0.5,6,0
W 5045,0,2531958.96,5660547.43,welll13,thiem,0,0,0,0,0.5,6,0
W 5045,2,2531958.96,5660547.43,welll14,thiem,0,0,0,0,0.5,6,0
W 5046,0,2531811.78,5660550.25,welll15,thiem,0,0,0,0,0.5,6,0
W 5046,2,2531811.78,5660550.25,welll16,thiem,0,0,0,0,0.5,6,0
W 5049,0,2531712.88,5660735.7,welll17,thiem,0,0,0,0,0.5,6,0
W 5049,2,2531712.88,5660735.7,welll18,thiem,0,0,0,0,0.5,6,0
W 5051,0,2531724.11,5660979.66,welll19,thiem,0,0,0,0,0.5,6,0
W 5051,2,2531724.11,5660979.66,welll20,thiem,0,0,0,0,0.5,6,0
W 5052,0,2531720.38,5661071.2,welll21,thiem,0,0,0,0,0.5,6,0
W 5052,2,2531720.38,5661071.2,welll22,thiem,0,0,0,0,0.5,6,0
W 5053,0,2531730.36,5661171.66,welll23,thiem,0,0,0,0,0.5,6,0
W 5053,2,2531730.36,5661171.66,welll24,thiem,0,0,0,0,0.5,6,0
W 5055,0,2531720.71,5661370.8,welll25,thiem,0,0,0,0,0.5,6,0
W 5055,2,2531720.71,5661370.8,welll26,thiem,0,0,0,0,0.5,6,0
W 5056,0,2531710.95,5661461.02,welll27,thiem,0,0,0,0,0.5,6,0
W 5056,2,2531710.95,5661461.02,welll28,thiem,0,0,0,0,0.5,6,0
W 5057,0,2531772.62,5661747.53,welll29,thiem,0,0,0,0,0.5,6,0
W 5057,2,2531772.62,5661747.53,welll30,thiem,0,0,0,0,0.5,6,0
W 5058,0,2531681.36,5661650.51,welll31,thiem,0,0,0,0,0.5,6,0
W 5058,2,2531681.36,5661650.51,welll32,thiem,0,0,0,0,0.5,6,0
W 5059,0,2531661.28,5661741.03,welll33,thiem,0,0,0,0,0.5,6,0
W 5059,2,2531661.28,5661741.03,welll34,thiem,0,0,0,0,0.5,6,0
W 5060,0,2531660.19,5661800.96,welll35,thiem,0,0,0,0,0.5,6,0
W 5060,2,2531660.19,5661800.96,welll36,thiem,0,0,0,0,0.5,6,0
W 5061,0,2531500.59,5661813.48,welll37,thiem,0,0,0,0,0.5,6,0
W 5061,2,2531500.59,5661813.48,welll38,thiem,0,0,0,0,0.5,6,0
W 5062,0,2531407.91,5661922.49,welll39,thiem,0,0,0,0,0.5,6,0
W 5062,2,2531407.91,5661922.49,welll40,thiem,0,0,0,0,0.5,6,0
W 5063,0,2531500.96,5661970.89,welll41,thiem,0,0,0,0,0.5,6,0
W 5063,2,2531500.96,5661970.89,welll42,thiem,0,0,0,0,0.5,6,0
W 5065,0,2531797,5661867.4,welll43,thiem,0,0,0,0,0.5,6,0
W 5065,2,2531797,5661867.4,welll44,thiem,0,0,0,0,0.5,6,0
W 5066,0,2531674.74,5661853.89,welll45,thiem,0,0,0,0,0.5,6,0
W 5066,2,2531674.74,5661853.89,welll46,thiem,0,0,0,0,0.5,6,0
W 5084,0,2531905.43,5661737.89,welll47,thiem,0,0,0,0,0.5,6,0
W 5084,2,2531905.43,5661737.89,welll48,thiem,0,0,0,0,0.5,6,0
W 5085,0,2531840.24,5661620.64,welll49,thiem,0,0,0,0,0.5,6,0
W 5085,2,2531840.24,5661620.64,welll50,thiem,0,0,0,0,0.5,6,0
W 5088,0,2531980.38,5661411.2,welll51,thiem,0,0,0,0,0.5,6,0
W 5088,2,2531980.38,5661411.2,welll52,thiem,0,0,0,0,0.5,6,0
W 5090,0,2531811.07,5661321.16,welll53,thiem,0,0,0,0,0.5,6,0
W 5090,2,2531811.07,5661321.16,welll54,thiem,0,0,0,0,0.5,6,0
W 5093,0,2531980.55,5661080.36,welll55,thiem,0,0,0,0,0.5,6,0
W 5093,2,2531980.55,5661080.36,welll56,thiem,0,0,0,0,0.5,6,0
W 5094,0,2531951.68,5661180.39,welll57,thiem,0,0,0,0,0.5,6,0
W 5094,2,2531951.68,5661180.39,welll58,thiem,0,0,0,0,0.5,6,0
W 5095,0,2531930.63,5661281.86,welll59,thiem,0,0,0,0,0.5,6,0
W 5095,2,2531930.63,5661281.86,welll60,thiem,0,0,0,0,0.5,6,0
W 5099,0,2531910.46,5660880.5,welll61,thiem,0,0,0,0,0.5,6,0
W 5099,2,2531910.46,5660880.5,welll62,thiem,0,0,0,0,0.5,6,0
W 5100,0,2531820.76,5660840.34,welll63,thiem,0,0,0,0,0.5,6,0
W 5100,2,2531820.76,5660840.34,welll64,thiem,0,0,0,0,0.5,6,0
W 5110,0,2531900.19,5661920.96,welll65,thiem,0,0,0,0,0.5,6,0
W 5110,2,2531900.19,5661920.96,welll66,thiem,0,0,0,0,0.5,6,0
W 5111,0,2531800.96,5661940.89,welll67,thiem,0,0,0,0,0.5,6,0
W 5111,2,2531800.96,5661940.89,welll68,thiem,0,0,0,0,0.5,6,0
W 5112,0,2531701,5661961.1,welll69,thiem,0,0,0,0,0.5,6,0
W 5112,2,2531701,5661961.1,welll70,thiem,0,0,0,0,0.5,6,0
W 5113,0,2531610.16,5661991.17,welll71,thiem,0,0,0,0,0.5,6,0
W 5113,2,2531610.16,5661991.17,welll72,thiem,0,0,0,0,0.5,6,0
W 5114,0,2531931.56,5660770.62,welll73,thiem,0,0,0,0,0.5,6,0
W 5114,2,2531931.56,5660770.62,welll74,thiem,0,0,0,0,0.5,6,0
W 5115,0,2531914.9,5660627.31,welll75,thiem,0,0,0,0,0.5,6,0
W 5115,2,2531914.9,5660627.31,welll76,thiem,0,0,0,0,0.5,6,0
W 5116,0,2531710.18,5660561.03,welll77,thiem,0,0,0,0,0.5,6,0
W 5116,2,2531710.18,5660561.03,welll78,thiem,0,0,0,0,0.5,6,0
W 5117,0,2531837.94,5660381.06,welll79,thiem,0,0,0,0,0.5,6,0
W 5117,2,2531837.94,5660381.06,welll80,thiem,0,0,0,0,0.5,6,0
W 5119,0,2531910.93,5660230.89,welll81,thiem,0,0,0,0,0.5,6,0
W 5119,2,2531910.93,5660230.89,welll82,thiem,0,0,0,0,0.5,6,0
W 5128,0,2531900.71,5659350.8,welll83,thiem,0,0,0,0,0.5,6,0
W 5128,2,2531900.71,5659350.8,welll84,thiem,0,0,0,0,0.5,6,0
W 5130,0,2531950.95,5659910.44,welll85,thiem,0,0,0,0,0.5,6,0
W 5130,2,2531950.95,5659910.44,welll86,thiem,0,0,0,0,0.5,6,0
W 5132,0,2531770.99,5659991.07,welll87,thiem,0,0,0,0,0.5,6,0
W 5132,2,2531770.99,5659991.07,welll88,thiem,0,0,0,0,0.5,6,0
W 5134,0,2531680.69,5659800.75,welll89,thiem,0,0,0,0,0.5,6,0
W 5134,2,2531680.69,5659800.75,welll90,thiem,0,0,0,0,0.5,6,0
W 5135,0,2531430,5659732.02,welll91,thiem,0,0,0,0,0.5,6,0
W 5135,2,2531430,5659732.02,welll92,thiem,0,0,0,0,0.5,6,0
W 5136,0,2531601.27,5659620.5,welll93,thiem,0,0,0,0,0.5,6,0
W 5136,2,2531601.27,5659620.5,welll94,thiem,0,0,0,0,0.5,6,0
W 5138,0,2531500.94,5659440.53,welll95,thiem,0,0,0,0,0.5,6,0
W 5138,2,2531500.94,5659440.53,welll96,thiem,0,0,0,0,0.5,6,0
W 5140,0,2531680.96,5659340.83,welll97,thiem,0,0,0,0,0.5,6,0
W 5140,2,2531680.96,5659340.83,welll98,thiem,0,0,0,0,0.5,6,0
W 5142,0,2531943.69,5659498.32,welll99,thiem,0,0,0,0,0.5,6,0
W 5142,2,2531943.69,5659498.32,welll100,thiem,0,0,0,0,0.5,6,0
W 5143,0,2531850.38,5659617.36,welll101,thiem,0,0,0,0,0.5,6,0
W 5143,2,2531850.38,5659617.36,welll102,thiem,0,0,0,0,0.5,6,0
W 5144,0,2531710.76,5659640.34,welll103,thiem,0,0,0,0,0.5,6,0
W 5144,2,2531710.76,5659640.34,welll104,thiem,0,0,0,0,0.5,6,0
W 5324,0,2531866.06,5657929.34,welll105,thiem,0,0,0,0,0.5,6,0
W 5324,2,2531866.06,5657929.34,welll106,thiem,0,0,0,0,0.5,6,0
W 5325,0,2531836.79,5658001.95,welll107,thiem,0,0,0,0,0.5,6,0
W 5325,2,2531836.79,5658001.95,welll108,thiem,0,0,0,0,0.5,6,0
W 5326,0,2531743.44,5658089.19,welll109,thiem,0,0,0,0,0.5,6,0
W 5326,2,2531743.44,5658089.19,welll110,thiem,0,0,0,0,0.5,6,0
W 5327,0,2531739.01,5658248.85,welll111,thiem,0,0,0,0,0.5,6,0
W 5327,2,2531739.01,5658248.85,welll112,thiem,0,0,0,0,0.5,6,0
W 5329,0,2531797.01,5658390.33,welll113,thiem,0,0,0,0,0.5,6,0
W 5329,2,2531797.01,5658390.33,welll114,thiem,0,0,0,0,0.5,6,0
W 5330,0,2531891.81,5658417.87,welll115,thiem,0,0,0,0,0.5,6,0
W 5330,2,2531891.81,5658417.87,welll116,thiem,0,0,0,0,0.5,6,0
W 5335,0,2531673.89,5659071.78,welll117,thiem,0,0,0,0,0.5,6,0
W 5335,2,2531673.89,5659071.78,welll118,thiem,0,0,0,0,0.5,6,0
W 5336,0,2531496.59,5659001.45,welll119,thiem,0,0,0,0,0.5,6,0
W 5336,2,2531496.59,5659001.45,welll120,thiem,0,0,0,0,0.5,6,0
W 5354,0,2531988.16,5657332.38,welll121,thiem,0,0,0,0,0.5,6,0
W 5354,2,2531988.16,5657332.38,welll122,thiem,0,0,0,0,0.5,6,0
W 5355,0,2531950.21,5657461.72,welll123,thiem,0,0,0,0,0.5,6,0
W 5355,2,2531950.21,5657461.72,welll124,thiem,0,0,0,0,0.5,6,0
W 5356,0,2531891.22,5657583.48,welll125,thiem,0,0,0,0,0.5,6,0
W 5356,2,2531891.22,5657583.48,welll126,thiem,0,0,0,0,0.5,6,0
W 5357,0,2531900.56,5657684.39,welll127,thiem,0,0,0,0,0.5,6,0
W 5357,2,2531900.56,5657684.39,welll128,thiem,0,0,0,0,0.5,6,0
W 5358,0,2531891.56,5658078.84,welll129,thiem,0,0,0,0,0.5,6,0
W 5358,2,2531891.56,5658078.84,welll130,thiem,0,0,0,0,0.5,6,0
W 5359,0,2531876.78,5658276.91,welll131,thiem,0,0,0,0,0.5,6,0
W 5359,2,2531876.78,5658276.91,welll132,thiem,0,0,0,0,0.5,6,0
W 5362,0,2531911.35,5658661.52,welll133,thiem,0,0,0,0,0.5,6,0
W 5362,2,2531911.35,5658661.52,welll134,thiem,0,0,0,0,0.5,6,0
W 5367,0,2531880.5,5659009.6,welll135,thiem,0,0,0,0,0.5,6,0
W 5367,2,2531880.5,5659009.6,welll136,thiem,0,0,0,0,0.5,6,0
W 5368,0,2531818.37,5659118.35,welll137,thiem,0,0,0,0,0.5,6,0
W 5368,2,2531818.37,5659118.35,welll138,thiem,0,0,0,0,0.5,6,0
W 5369,0,2531668.09,5659167.91,welll139,thiem,0,0,0,0,0.5,6,0
W 5369,2,2531668.09,5659167.91,welll140,thiem,0,0,0,0,0.5,6,0
W 5370,0,2531780.94,5659411.01,welll141,thiem,0,0,0,0,0.5,6,0
W 5370,2,2531780.94,5659411.01,welll142,thiem,0,0,0,0,0.5,6,0
W 5371,0,2531667.73,5659482.09,welll143,thiem,0,0,0,0,0.5,6,0
W 5371,2,2531667.73,5659482.09,welll144,thiem,0,0,0,0,0.5,6,0
W 5372,0,2531976.61,5659740.74,welll145,thiem,0,0,0,0,0.5,6,0
W 5372,2,2531976.61,5659740.74,welll146,thiem,0,0,0,0,0.5,6,0
W 5373,0,2531841.86,5659758.51,welll147,thiem,0,0,0,0,0.5,6,0
W 5373,2,2531841.86,5659758.51,welll148,thiem,0,0,0,0,0.5,6,0
W 5374,0,2531938.61,5660056.51,welll149,thiem,0,0,0,0,0.5,6,0
W 5374,2,2531938.61,5660056.51,welll150,thiem,0,0,0,0,0.5,6,0
W 5376,0,2531844.92,5660190.19,welll151,thiem,0,0,0,0,0.5,6,0
W 5376,2,2531844.92,5660190.19,welll152,thiem,0,0,0,0,0.5,6,0
W 5377,0,2531944.44,5660293.53,welll153,thiem,0,0,0,0,0.5,6,0
W 5377,2,2531944.44,5660293.53,welll154,thiem,0,0,0,0,0.5,6,0
W 5379,0,2531822.07,5660721.16,welll155,thiem,0,0,0,0,0.5,6,0
W 5379,2,2531822.07,5660721.16,welll156,thiem,0,0,0,0,0.5,6,0
W 5380,0,2531825.01,5660966.85,welll157,thiem,0,0,0,0,0.5,6,0
W 5380,2,2531825.01,5660966.85,welll158,thiem,0,0,0,0,0.5,6,0
W 5381,0,2531822.19,5661057.06,welll159,thiem,0,0,0,0,0.5,6,0
W 5381,2,2531822.19,5661057.06,welll160,thiem,0,0,0,0,0.5,6,0
W 5382,0,2531841.04,5661211.78,welll161,thiem,0,0,0,0,0.5,6,0
W 5382,2,2531841.04,5661211.78,welll162,thiem,0,0,0,0,0.5,6,0
W 5383,0,2531799.34,5661453.48,welll163,thiem,0,0,0,0,0.5,6,0
W 5383,2,2531799.34,5661453.48,welll164,thiem,0,0,0,0,0.5,6,0
W 5384,0,2531907.75,5661455.02,welll165,thiem,0,0,0,0,0.5,6,0
W 5384,2,2531907.75,5661455.02,welll166,thiem,0,0,0,0,0.5,6,0
W 5389,0,2531537.77,5659816.74,welll167,thiem,0,0,0,0,0.5,6,0
W 5389,2,2531537.77,5659816.74,welll168,thiem,0,0,0,0,0.5,6,0
W 5390,0,2531429.71,5659860,welll169,thiem,0,0,0,0,0.5,6,0
W 5390,2,2531429.71,5659860,welll170,thiem,0,0,0,0,0.5,6,0
W 5391,0,2531657.19,5659928.82,welll171,thiem,0,0,0,0,0.5,6,0
W 5391,2,2531657.19,5659928.82,welll172,thiem,0,0,0,0,0.5,6,0
W 5392,0,2531544.59,5659985.24,welll173,thiem,0,0,0,0,0.5,6,0
W 5392,2,2531544.59,5659985.24,welll174,thiem,0,0,0,0,0.5,6,0
W 5393,0,2531386.24,5660058.48,welll175,thiem,0,0,0,0,0.5,6,0
W 5393,2,2531386.24,5660058.48,welll176,thiem,0,0,0,0,0.5,6,0
W 5394,0,2531658.19,5660037.7,welll177,thiem,0,0,0,0,0.5,6,0
W 5394,2,2531658.19,5660037.7,welll178,thiem,0,0,0,0,0.5,6,0
W 5395,0,2531521.96,5660124.5,welll179,thiem,0,0,0,0,0.5,6,0
W 5395,2,2531521.96,5660124.5,welll180,thiem,0,0,0,0,0.5,6,0
W 5397,0,2531595.3,5660234.6,welll181,thiem,0,0,0,0,0.5,6,0
W 5397,2,2531595.3,5660234.6,welll182,thiem,0,0,0,0,0.5,6,0
W 5399,0,2531702.57,5660372.32,welll183,thiem,0,0,0,0,0.5,6,0
W 5399,2,2531702.57,5660372.32,welll184,thiem,0,0,0,0,0.5,6,0
W 5400,0,2531567.22,5660402.6,welll185,thiem,0,0,0,0,0.5,6,0
W 5400,2,2531567.22,5660402.6,welll186,thiem,0,0,0,0,0.5,6,0
W 5401,0,2531621.68,5660572.7,welll187,thiem,0,0,0,0,0.5,6,0
W 5401,2,2531621.68,5660572.7,welll188,thiem,0,0,0,0,0.5,6,0
W 5402,0,2531488.6,5660582.56,welll189,thiem,0,0,0,0,0.5,6,0
W 5402,2,2531488.6,5660582.56,welll190,thiem,0,0,0,0,0.5,6,0
W 5403,0,2531273.51,5660552.54,welll191,thiem,0,0,0,0,0.5,6,0
W 5403,2,2531273.51,5660552.54,welll192,thiem,0,0,0,0,0.5,6,0
W 5404,0,2531161.82,5660569.35,welll193,thiem,0,0,0,0,0.5,6,0
W 5404,2,2531161.82,5660569.35,welll194,thiem,0,0,0,0,0.5,6,0
W 5405,0,2531530.56,5660663.05,welll195,thiem,0,0,0,0,0.5,6,0
W 5405,2,2531530.56,5660663.05,welll196,thiem,0,0,0,0,0.5,6,0
W 5406,0,2531524.74,5660849.89,welll197,thiem,0,0,0,0,0.5,6,0
W 5406,2,2531524.74,5660849.89,welll198,thiem,0,0,0,0,0.5,6,0
W 5407,0,2531446.69,5660951.44,welll199,thiem,0,0,0,0,0.5,6,0
W 5407,2,2531446.69,5660951.44,welll200,thiem,0,0,0,0,0.5,6,0
W 5408,0,2531386.23,5661085.06,welll201,thiem,0,0,0,0,0.5,6,0
W 5408,2,2531386.23,5661085.06,welll202,thiem,0,0,0,0,0.5,6,0
W 5409,0,2531408.94,5661244.69,welll203,thiem,0,0,0,0,0.5,6,0
W 5409,2,2531408.94,5661244.69,welll204,thiem,0,0,0,0,0.5,6,0
W 5410,0,2531360.34,5661330.03,welll205,thiem,0,0,0,0,0.5,6,0
W 5410,2,2531360.34,5661330.03,welll206,thiem,0,0,0,0,0.5,6,0
W 5411,0,2531377.71,5661488.51,welll207,thiem,0,0,0,0,0.5,6,0
W 5411,2,2531377.71,5661488.51,welll208,thiem,0,0,0,0,0.5,6,0
W 5413,0,2531291.8,5661565.26,welll209,thiem,0,0,0,0,0.5,6,0
W 5413,2,2531291.8,5661565.26,welll210,thiem,0,0,0,0,0.5,6,0
W 5414,0,2531428.62,5661715.96,welll211,thiem,0,0,0,0,0.5,6,0
W 5414,2,2531428.62,5661715.96,welll212,thiem,0,0,0,0,0.5,6,0
W 5415,0,2531041.62,5661575.79,welll213,thiem,0,0,0,0,0.5,6,0
W 5415,2,2531041.62,5661575.79,welll214,thiem,0,0,0,0,0.5,6,0
W 5416,0,2531219.34,5661671.26,welll215,thiem,0,0,0,0,0.5,6,0
W 5416,2,2531219.34,5661671.26,welll216,thiem,0,0,0,0,0.5,6,0
W 5418,0,2531171.02,5661786.38,welll217,thiem,0,0,0,0,0.5,6,0
W 5418,2,2531171.02,5661786.38,welll218,thiem,0,0,0,0,0.5,6,0
W 5419,0,2531139.14,5661937.42,welll219,thiem,0,0,0,0,0.5,6,0
W 5419,2,2531139.14,5661937.42,welll220,thiem,0,0,0,0,0.5,6,0
W 5420,0,2531096.19,5662062.96,welll221,thiem,0,0,0,0,0.5,6,0
W 5420,2,2531096.19,5662062.96,welll222,thiem,0,0,0,0,0.5,6,0
W 5421,0,2531328.34,5660798.71,welll223,thiem,0,0,0,0,0.5,6,0
W 5421,2,2531328.34,5660798.71,welll224,thiem,0,0,0,0,0.5,6,0
W 5423,0,2531302.24,5660948.57,welll225,thiem,0,0,0,0,0.5,6,0
W 5423,2,2531302.24,5660948.57,welll226,thiem,0,0,0,0,0.5,6,0
W 5424,0,2531291.22,5661083.34,welll227,thiem,0,0,0,0,0.5,6,0
W 5424,2,2531291.22,5661083.34,welll228,thiem,0,0,0,0,0.5,6,0
W 5425,0,2531270.71,5661236.68,welll229,thiem,0,0,0,0,0.5,6,0
W 5425,2,2531270.71,5661236.68,welll230,thiem,0,0,0,0,0.5,6,0
W 5426,0,2531842.45,5657222.86,welll231,thiem,0,0,0,0,0.5,6,0
W 5426,2,2531842.45,5657222.86,welll232,thiem,0,0,0,0,0.5,6,0
W 5427,0,2531920.13,5657126.13,welll233,thiem,0,0,0,0,0.5,6,0
W 5427,2,2531920.13,5657126.13,welll234,thiem,0,0,0,0,0.5,6,0
W 5429,0,2531868.82,5657327.42,welll235,thiem,0,0,0,0,0.5,6,0
W 5429,2,2531868.82,5657327.42,welll236,thiem,0,0,0,0,0.5,6,0
W 5430,0,2531837.25,5657455.96,welll237,thiem,0,0,0,0,0.5,6,0
W 5430,2,2531837.25,5657455.96,welll238,thiem,0,0,0,0,0.5,6,0
W 5431,0,2531790.45,5657566.86,welll239,thiem,0,0,0,0,0.5,6,0
W 5431,2,2531790.45,5657566.86,welll240,thiem,0,0,0,0,0.5,6,0
W 5432,0,2531704.07,5657650.68,welll241,thiem,0,0,0,0,0.5,6,0
W 5432,2,2531704.07,5657650.68,welll242,thiem,0,0,0,0,0.5,6,0
W 5433,0,2531604.75,5657632.4,welll243,thiem,0,0,0,0,0.5,6,0
W 5433,2,2531604.75,5657632.4,welll244,thiem,0,0,0,0,0.5,6,0
W 5435,0,2531512.19,5657720.96,welll245,thiem,0,0,0,0,0.5,6,0
W 5435,2,2531512.19,5657720.96,welll246,thiem,0,0,0,0,0.5,6,0
W 5436,0,2531595.28,5657911.33,welll247,thiem,0,0,0,0,0.5,6,0
W 5436,2,2531595.28,5657911.33,welll248,thiem,0,0,0,0,0.5,6,0
W 5437,0,2531622.44,5658066.75,welll249,thiem,0,0,0,0,0.5,6,0
W 5437,2,2531622.44,5658066.75,welll250,thiem,0,0,0,0,0.5,6,0
W 5438,0,2531660.14,5658209.84,welll251,thiem,0,0,0,0,0.5,6,0
W 5438,2,2531660.14,5658209.84,welll252,thiem,0,0,0,0,0.5,6,0
W 5439,0,2531740.45,5658438.57,welll253,thiem,0,0,0,0,0.5,6,0
W 5439,2,2531740.45,5658438.57,welll254,thiem,0,0,0,0,0.5,6,0
W 5440,0,2531596.42,5658507.85,welll255,thiem,0,0,0,0,0.5,6,0
W 5440,2,2531596.42,5658507.85,welll256,thiem,0,0,0,0,0.5,6,0
W 5441,0,2531604.96,5658654.94,welll257,thiem,0,0,0,0,0.5,6,0
W 5441,2,2531604.96,5658654.94,welll258,thiem,0,0,0,0,0.5,6,0
W 5442,0,2531512.94,5658778.82,welll259,thiem,0,0,0,0,0.5,6,0
W 5442,2,2531512.94,5658778.82,welll260,thiem,0,0,0,0,0.5,6,0
W 5443,0,2531405.88,5658838.27,welll261,thiem,0,0,0,0,0.5,6,0
W 5443,2,2531405.88,5658838.27,welll262,thiem,0,0,0,0,0.5,6,0
W 5444,0,2531403.84,5658916.47,welll263,thiem,0,0,0,0,0.5,6,0
W 5444,2,2531403.84,5658916.47,welll264,thiem,0,0,0,0,0.5,6,0
W 5445,0,2531348.54,5659052.81,welll265,thiem,0,0,0,0,0.5,6,0
W 5445,2,2531348.54,5659052.81,welll266,thiem,0,0,0,0,0.5,6,0
W 5446,0,2531277.42,5659197.41,welll267,thiem,0,0,0,0,0.5,6,0
W 5446,2,2531277.42,5659197.41,welll268,thiem,0,0,0,0,0.5,6,0
W 5447,0,2531219.07,5659310.62,welll269,thiem,0,0,0,0,0.5,6,0
W 5447,2,2531219.07,5659310.62,welll270,thiem,0,0,0,0,0.5,6,0
W 5451,0,2531690.05,5658567.26,welll271,thiem,0,0,0,0,0.5,6,0
W 5451,2,2531690.05,5658567.26,welll272,thiem,0,0,0,0,0.5,6,0
W 5452,0,2531852.43,5658734.64,welll273,thiem,0,0,0,0,0.5,6,0
W 5452,2,2531852.43,5658734.64,welll274,thiem,0,0,0,0,0.5,6,0
W 5453,0,2531901.99,5658828.07,welll275,thiem,0,0,0,0,0.5,6,0
W 5453,2,2531901.99,5658828.07,welll276,thiem,0,0,0,0,0.5,6,0
W 5454,0,2531781.81,5658939.63,welll277,thiem,0,0,0,0,0.5,6,0
W 5454,2,2531781.81,5658939.63,welll278,thiem,0,0,0,0,0.5,6,0
W 5455,0,2531663.59,5658818.27,welll279,thiem,0,0,0,0,0.5,6,0
W 5455,2,2531663.59,5658818.27,welll280,thiem,0,0,0,0,0.5,6,0
W 5457,0,2531570.46,5658993.93,welll281,thiem,0,0,0,0,0.5,6,0
W 5457,2,2531570.46,5658993.93,welll282,thiem,0,0,0,0,0.5,6,0
W 5465,0,2531724.27,5657908.97,welll283,thiem,0,0,0,0,0.5,6,0
W 5465,2,2531724.27,5657908.97,welll284,thiem,0,0,0,0,0.5,6,0
W 5466,0,2531575.18,5659138.53,welll285,thiem,0,0,0,0,0.5,6,0
W 5466,2,2531575.18,5659138.53,welll286,thiem,0,0,0,0,0.5,6,0
W 5468,0,2531407.5,5659305.96,welll287,thiem,0,0,0,0,0.5,6,0
W 5468,2,2531407.5,5659305.96,welll288,thiem,0,0,0,0,0.5,6,0
W 5470,0,2531533.02,5659283.96,welll289,thiem,0,0,0,0,0.5,6,0
W 5470,2,2531533.02,5659283.96,welll290,thiem,0,0,0,0,0.5,6,0
W 5471,0,2531318.54,5659389.73,welll291,thiem,0,0,0,0,0.5,6,0
W 5471,2,2531318.54,5659389.73,welll292,thiem,0,0,0,0,0.5,6,0
W 5472,0,2531286.92,5659505.96,welll293,thiem,0,0,0,0,0.5,6,0
W 5472,2,2531286.92,5659505.96,welll294,thiem,0,0,0,0,0.5,6,0
W 5473,0,2531293.47,5659674.98,welll295,thiem,0,0,0,0,0.5,6,0
W 5473,2,2531293.47,5659674.98,welll296,thiem,0,0,0,0,0.5,6,0
W 5474,0,2531134.76,5659705.48,welll297,thiem,0,0,0,0,0.5,6,0
W 5474,2,2531134.76,5659705.48,welll298,thiem,0,0,0,0,0.5,6,0
W 5476,0,2531124.04,5659770.95,welll299,thiem,0,0,0,0,0.5,6,0
W 5476,2,2531124.04,5659770.95,welll300,thiem,0,0,0,0,0.5,6,0
W 5477,0,2531130.35,5659832.1,welll301,thiem,0,0,0,0,0.5,6,0
W 5477,2,2531130.35,5659832.1,welll302,thiem,0,0,0,0,0.5,6,0
W 5478,0,2531190.93,5659948.64,welll303,thiem,0,0,0,0,0.5,6,0
W 5478,2,2531190.93,5659948.64,welll304,thiem,0,0,0,0,0.5,6,0
W 5479,0,2531238.87,5660056.13,welll305,thiem,0,0,0,0,0.5,6,0
W 5479,2,2531238.87,5660056.13,welll306,thiem,0,0,0,0,0.5,6,0
W 5480,0,2531324.54,5660144.85,welll307,thiem,0,0,0,0,0.5,6,0
W 5480,2,2531324.54,5660144.85,welll308,thiem,0,0,0,0,0.5,6,0
W 5481,0,2531372.44,5660226.51,welll309,thiem,0,0,0,0,0.5,6,0
W 5481,2,2531372.44,5660226.51,welll310,thiem,0,0,0,0,0.5,6,0
W 5482,0,2531281.7,5660313.53,welll311,thiem,0,0,0,0,0.5,6,0
W 5482,2,2531281.7,5660313.53,welll312,thiem,0,0,0,0,0.5,6,0
W 5483,0,2531174.05,5660366.78,welll313,thiem,0,0,0,0,0.5,6,0
W 5483,2,2531174.05,5660366.78,welll314,thiem,0,0,0,0,0.5,6,0
W 5484,0,2531093.48,5660348.47,welll315,thiem,0,0,0,0,0.5,6,0
W 5484,2,2531093.48,5660348.47,welll316,thiem,0,0,0,0,0.5,6,0
W 5485,0,2531086.34,5660513.48,welll317,thiem,0,0,0,0,0.5,6,0
W 5485,2,2531086.34,5660513.48,welll318,thiem,0,0,0,0,0.5,6,0
W 5486,0,2531052.73,5660610.67,welll319,thiem,0,0,0,0,0.5,6,0
W 5486,2,2531052.73,5660610.67,welll320,thiem,0,0,0,0,0.5,6,0
W 5487,0,2531043.04,5660752.12,welll321,thiem,0,0,0,0,0.5,6,0
W 5487,2,2531043.04,5660752.12,welll322,thiem,0,0,0,0,0.5,6,0
W 5489,0,2530995.31,5660933.1,welll323,thiem,0,0,0,0,0.5,6,0
W 5489,2,2530995.31,5660933.1,welll324,thiem,0,0,0,0,0.5,6,0
W 5491,0,2530986.51,5661174.26,welll325,thiem,0,0,0,0,0.5,6,0
W 5491,2,2530986.51,5661174.26,welll326,thiem,0,0,0,0,0.5,6,0
W 5493,0,2530909.78,5661414.87,welll327,thiem,0,0,0,0,0.5,6,0
W 5493,2,2530909.78,5661414.87,welll328,thiem,0,0,0,0,0.5,6,0
W 5495,0,2530878.47,5661690.73,welll329,thiem,0,0,0,0,0.5,6,0
W 5495,2,2530878.47,5661690.73,welll330,thiem,0,0,0,0,0.5,6,0
W 5498,0,2530844,5661914.38,welll331,thiem,0,0,0,0,0.5,6,0
W 5498,2,2530844,5661914.38,welll332,thiem,0,0,0,0,0.5,6,0
W 5499,0,2530769.47,5662010.98,welll333,thiem,0,0,0,0,0.5,6,0
W 5499,2,2530769.47,5662010.98,welll334,thiem,0,0,0,0,0.5,6,0
W 5502,0,2531565.36,5660961.12,welll335,thiem,0,0,0,0,0.5,6,0
W 5502,2,2531565.36,5660961.12,welll336,thiem,0,0,0,0,0.5,6,0
W 5503,0,2531581.2,5661144.99,welll337,thiem,0,0,0,0,0.5,6,0
W 5503,2,2531581.2,5661144.99,welll338,thiem,0,0,0,0,0.5,6,0
W 5504,0,2531518.74,5661322.13,welll339,thiem,0,0,0,0,0.5,6,0
W 5504,2,2531518.74,5661322.13,welll340,thiem,0,0,0,0,0.5,6,0
W 5510,0,2531303.03,5661848.52,welll341,thiem,0,0,0,0,0.5,6,0
W 5510,2,2531303.03,5661848.52,welll342,thiem,0,0,0,0,0.5,6,0
W 5512,0,2531253.61,5662007.12,welll343,thiem,0,0,0,0,0.5,6,0
W 5512,2,2531253.61,5662007.12,welll344,thiem,0,0,0,0,0.5,6,0
W 5513,0,2531224.77,5661363.51,welll345,thiem,0,0,0,0,0.5,6,0
W 5513,2,2531224.77,5661363.51,welll346,thiem,0,0,0,0,0.5,6,0
W 5515,0,2531196.04,5661482.67,welll347,thiem,0,0,0,0,0.5,6,0
W 5515,2,2531196.04,5661482.67,welll348,thiem,0,0,0,0,0.5,6,0
W 5516,0,2531444.37,5661986.76,welll349,thiem,0,0,0,0,0.5,6,0
W 5516,2,2531444.37,5661986.76,welll350,thiem,0,0,0,0,0.5,6,0
W 5517,0,2531346.46,5662019.93,welll351,thiem,0,0,0,0,0.5,6,0
W 5517,2,2531346.46,5662019.93,welll352,thiem,0,0,0,0,0.5,6,0
W 5518,0,2531162.25,5662012.52,welll353,thiem,0,0,0,0,0.5,6,0
W 5518,2,2531162.25,5662012.52,welll354,thiem,0,0,0,0,0.5,6,0
W 5519,0,2530983.7,5662031.96,welll355,thiem,0,0,0,0,0.5,6,0
W 5519,2,2530983.7,5662031.96,welll356,thiem,0,0,0,0,0.5,6,0
W 5520,0,2530857.59,5662020.41,welll357,thiem,0,0,0,0,0.5,6,0
W 5520,2,2530857.59,5662020.41,welll358,thiem,0,0,0,0,0.5,6,0
W 5525,0,2531797.67,5658521.23,welll359,thiem,0,0,0,0,0.5,6,0
W 5525,2,2531797.67,5658521.23,welll360,thiem,0,0,0,0,0.5,6,0
W 5538,0,2530711.86,5662014.79,welll361,thiem,0,0,0,0,0.5,6,0
W 5538,2,2530711.86,5662014.79,welll362,thiem,0,0,0,0,0.5,6,0
W 5539,0,2530601.27,5661976.98,welll363,thiem,0,0,0,0,0.5,6,0
W 5539,2,2530601.27,5661976.98,welll364,thiem,0,0,0,0,0.5,6,0
W 5540,0,2530512.27,5661948.14,welll365,thiem,0,0,0,0,0.5,6,0
W 5540,2,2530512.27,5661948.14,welll366,thiem,0,0,0,0,0.5,6,0
W 5541,0,2530406.98,5661917.75,welll367,thiem,0,0,0,0,0.5,6,0
W 5541,2,2530406.98,5661917.75,welll368,thiem,0,0,0,0,0.5,6,0
W 5542,0,2530286.41,5661899.04,welll369,thiem,0,0,0,0,0.5,6,0
W 5542,2,2530286.41,5661899.04,welll370,thiem,0,0,0,0,0.5,6,0
W 5543,0,2530225.88,5661856.01,welll371,thiem,0,0,0,0,0.5,6,0
W 5543,2,2530225.88,5661856.01,welll372,thiem,0,0,0,0,0.5,6,0
W 5544,0,2530227.54,5661726.61,welll373,thiem,0,0,0,0,0.5,6,0
W 5544,2,2530227.54,5661726.61,welll374,thiem,0,0,0,0,0.5,6,0
W 5545,0,2530253.28,5661500.66,welll375,thiem,0,0,0,0,0.5,6,0
W 5545,2,2530253.28,5661500.66,welll376,thiem,0,0,0,0,0.5,6,0
W 5546,0,2530394.32,5661216.93,welll377,thiem,0,0,0,0,0.5,6,0
W 5546,2,2530394.32,5661216.93,welll378,thiem,0,0,0,0,0.5,6,0
W 5547,0,2530523.19,5661036.82,welll379,thiem,0,0,0,0,0.5,6,0
W 5547,2,2530523.19,5661036.82,welll380,thiem,0,0,0,0,0.5,6,0
W 5548,0,2530702.41,5660903.94,welll381,thiem,0,0,0,0,0.5,6,0
W 5548,2,2530702.41,5660903.94,welll382,thiem,0,0,0,0,0.5,6,0
W 5550,0,2530882.59,5660641.53,welll383,thiem,0,0,0,0,0.5,6,0
W 5550,2,2530882.59,5660641.53,welll384,thiem,0,0,0,0,0.5,6,0
W 5552,0,2530982.68,5660426.87,welll385,thiem,0,0,0,0,0.5,6,0
W 5552,2,2530982.68,5660426.87,welll386,thiem,0,0,0,0,0.5,6,0
W 5553,0,2530921.62,5660217.53,welll387,thiem,0,0,0,0,0.5,6,0
W 5553,2,2530921.62,5660217.53,welll388,thiem,0,0,0,0,0.5,6,0
W 5554,0,2530753.02,5660283.15,welll389,thiem,0,0,0,0,0.5,6,0
W 5554,2,2530753.02,5660283.15,welll390,thiem,0,0,0,0,0.5,6,0
W 5557,0,2531036.89,5659617.88,welll391,thiem,0,0,0,0,0.5,6,0
W 5557,2,2531036.89,5659617.88,welll392,thiem,0,0,0,0,0.5,6,0
W 5559,0,2530609.45,5659439.18,welll393,thiem,0,0,0,0,0.5,6,0
W 5559,2,2530609.45,5659439.18,welll394,thiem,0,0,0,0,0.5,6,0
W 5560,0,2530418.63,5659414.36,welll395,thiem,0,0,0,0,0.5,6,0
W 5560,2,2530418.63,5659414.36,welll396,thiem,0,0,0,0,0.5,6,0
W 5561,0,2530540.03,5659218.16,welll397,thiem,0,0,0,0,0.5,6,0
W 5561,2,2530540.03,5659218.16,welll398,thiem,0,0,0,0,0.5,6,0
W 5562,0,2530618.63,5659093.2,welll399,thiem,0,0,0,0,0.5,6,0
W 5562,2,2530618.63,5659093.2,welll400,thiem,0,0,0,0,0.5,6,0
W 5563,0,2530760.1,5658894.36,welll401,thiem,0,0,0,0,0.5,6,0
W 5563,2,2530760.1,5658894.36,welll402,thiem,0,0,0,0,0.5,6,0
W 5564,0,2530905.44,5658679.01,welll403,thiem,0,0,0,0,0.5,6,0
W 5564,2,2530905.44,5658679.01,welll404,thiem,0,0,0,0,0.5,6,0
W 5565,0,2530999.79,5658576.92,welll405,thiem,0,0,0,0,0.5,6,0
W 5565,2,2530999.79,5658576.92,welll406,thiem,0,0,0,0,0.5,6,0
W 5566,0,2531184.25,5658318.85,welll407,thiem,0,0,0,0,0.5,6,0
W 5566,2,2531184.25,5658318.85,welll408,thiem,0,0,0,0,0.5,6,0
W 5567,0,2531298.62,5658113.15,welll409,thiem,0,0,0,0,0.5,6,0
W 5567,2,2531298.62,5658113.15,welll410,thiem,0,0,0,0,0.5,6,0
W 5568,0,2531443.52,5657936.03,welll411,thiem,0,0,0,0,0.5,6,0
W 5568,2,2531443.52,5657936.03,welll412,thiem,0,0,0,0,0.5,6,0
W 5569,0,2531656.8,5657340.86,welll413,thiem,0,0,0,0,0.5,6,0
W 5569,2,2531656.8,5657340.86,welll414,thiem,0,0,0,0,0.5,6,0
W 5571,0,2531796.12,5656930.64,welll415,thiem,0,0,0,0,0.5,6,0
W 5571,2,2531796.12,5656930.64,welll416,thiem,0,0,0,0,0.5,6,0
W 5572,0,2531117.81,5658418.62,welll417,thiem,0,0,0,0,0.5,6,0
W 5572,2,2531117.81,5658418.62,welll418,thiem,0,0,0,0,0.5,6,0
W 5576,0,2530986.62,5661881.28,welll419,thiem,0,0,0,0,0.5,6,0
W 5576,2,2530986.62,5661881.28,welll420,thiem,0,0,0,0,0.5,6,0
W 5580,0,2531465.06,5661608.37,welll421,thiem,0,0,0,0,0.5,6,0
W 5580,2,2531465.06,5661608.37,welll422,thiem,0,0,0,0,0.5,6,0
W 5582,0,2531150.71,5661096.5,welll423,thiem,0,0,0,0,0.5,6,0
W 5582,2,2531150.71,5661096.5,welll424,thiem,0,0,0,0,0.5,6,0
W 5583,0,2531121.38,5660953.13,welll425,thiem,0,0,0,0,0.5,6,0
W 5583,2,2531121.38,5660953.13,welll426,thiem,0,0,0,0,0.5,6,0
W 5584,0,2531067.25,5660823.4,welll427,thiem,0,0,0,0,0.5,6,0
W 5584,2,2531067.25,5660823.4,welll428,thiem,0,0,0,0,0.5,6,0
W 5586,0,2531247.42,5660414.28,welll429,thiem,0,0,0,0,0.5,6,0
W 5586,2,2531247.42,5660414.28,welll430,thiem,0,0,0,0,0.5,6,0
W 5587,0,2531432.02,5660445.54,welll431,thiem,0,0,0,0,0.5,6,0
W 5587,2,2531432.02,5660445.54,welll432,thiem,0,0,0,0,0.5,6,0
W 5588,0,2531285.59,5659783.36,welll433,thiem,0,0,0,0,0.5,6,0
W 5588,2,2531285.59,5659783.36,welll434,thiem,0,0,0,0,0.5,6,0
W 5590,0,2531405.43,5659576.2,welll435,thiem,0,0,0,0,0.5,6,0
W 5590,2,2531405.43,5659576.2,welll436,thiem,0,0,0,0,0.5,6,0
W 5592,0,2530696.24,5661803.82,welll437,thiem,0,0,0,0,0.5,6,0
W 5592,2,2530696.24,5661803.82,welll438,thiem,0,0,0,0,0.5,6,0
W 5593,0,2530766.44,5661666.65,welll439,thiem,0,0,0,0,0.5,6,0
W 5593,2,2530766.44,5661666.65,welll440,thiem,0,0,0,0,0.5,6,0
W 5594,0,2530761.76,5661525.34,welll441,thiem,0,0,0,0,0.5,6,0
W 5594,2,2530761.76,5661525.34,welll442,thiem,0,0,0,0,0.5,6,0
W 5596,0,2530841.45,5661270.06,welll443,thiem,0,0,0,0,0.5,6,0
W 5596,2,2530841.45,5661270.06,welll444,thiem,0,0,0,0,0.5,6,0
W 5598,0,2530069.57,5661871.73,welll445,thiem,0,0,0,0,0.5,6,0
W 5598,2,2530069.57,5661871.73,welll446,thiem,0,0,0,0,0.5,6,0
W 5599,0,2529943.87,5661845.26,welll447,thiem,0,0,0,0,0.5,6,0
W 5599,2,2529943.87,5661845.26,welll448,thiem,0,0,0,0,0.5,6,0
W 5600,0,2529841.91,5661755.67,welll449,thiem,0,0,0,0,0.5,6,0
W 5600,2,2529841.91,5661755.67,welll450,thiem,0,0,0,0,0.5,6,0
W 5601,0,2529783.05,5661792.93,welll451,thiem,0,0,0,0,0.5,6,0
W 5601,2,2529783.05,5661792.93,welll452,thiem,0,0,0,0,0.5,6,0
W 5602,0,2529650.4,5661774.78,welll453,thiem,0,0,0,0,0.5,6,0
W 5602,2,2529650.4,5661774.78,welll454,thiem,0,0,0,0,0.5,6,0
W 5603,0,2529585.53,5661704.25,welll455,thiem,0,0,0,0,0.5,6,0
W 5603,2,2529585.53,5661704.25,welll456,thiem,0,0,0,0,0.5,6,0
W 5604,0,2529582.63,5661519.57,welll457,thiem,0,0,0,0,0.5,6,0
W 5604,2,2529582.63,5661519.57,welll458,thiem,0,0,0,0,0.5,6,0
W 5605,0,2529654.35,5661328.57,welll459,thiem,0,0,0,0,0.5,6,0
W 5605,2,2529654.35,5661328.57,welll460,thiem,0,0,0,0,0.5,6,0
W 5606,0,2529723.24,5661003.14,welll461,thiem,0,0,0,0,0.5,6,0
W 5606,2,2529723.24,5661003.14,welll462,thiem,0,0,0,0,0.5,6,0
W 5607,0,2529733.86,5660844.16,welll463,thiem,0,0,0,0,0.5,6,0
W 5607,2,2529733.86,5660844.16,welll464,thiem,0,0,0,0,0.5,6,0
W 5608,0,2529821.5,5660583.95,welll465,thiem,0,0,0,0,0.5,6,0
W 5608,2,2529821.5,5660583.95,welll466,thiem,0,0,0,0,0.5,6,0
W 5609,0,2529929.7,5660372.44,welll467,thiem,0,0,0,0,0.5,6,0
W 5609,2,2529929.7,5660372.44,welll468,thiem,0,0,0,0,0.5,6,0
W 5610,0,2529991.23,5660183.15,welll469,thiem,0,0,0,0,0.5,6,0
W 5610,2,2529991.23,5660183.15,welll470,thiem,0,0,0,0,0.5,6,0
W 5611,0,2530316.3,5660173.87,welll471,thiem,0,0,0,0,0.5,6,0
W 5611,2,2530316.3,5660173.87,welll472,thiem,0,0,0,0,0.5,6,0
W 5612,0,2530374.41,5660086.32,welll473,thiem,0,0,0,0,0.5,6,0
W 5612,2,2530374.41,5660086.32,welll474,thiem,0,0,0,0,0.5,6,0
W 5613,0,2530575.4,5659805.5,welll475,thiem,0,0,0,0,0.5,6,0
W 5613,2,2530575.4,5659805.5,welll476,thiem,0,0,0,0,0.5,6,0
W 5614,0,2530618.55,5659585.86,welll477,thiem,0,0,0,0,0.5,6,0
W 5614,2,2530618.55,5659585.86,welll478,thiem,0,0,0,0,0.5,6,0
W 5617,0,2531095.94,5661428.3,welll479,thiem,0,0,0,0,0.5,6,0
W 5617,2,2531095.94,5661428.3,welll480,thiem,0,0,0,0,0.5,6,0
W 5618,0,2531092.31,5661288.77,welll481,thiem,0,0,0,0,0.5,6,0
W 5618,2,2531092.31,5661288.77,welll482,thiem,0,0,0,0,0.5,6,0
W 5619,0,2530494.23,5661856.05,welll483,thiem,0,0,0,0,0.5,6,0
W 5619,2,2530494.23,5661856.05,welll484,thiem,0,0,0,0,0.5,6,0
W 5620,0,2530379.41,5661782.07,welll485,thiem,0,0,0,0,0.5,6,0
W 5620,2,2530379.41,5661782.07,welll486,thiem,0,0,0,0,0.5,6,0
W 5621,0,2530567.31,5661660.32,welll487,thiem,0,0,0,0,0.5,6,0
W 5621,2,2530567.31,5661660.32,welll488,thiem,0,0,0,0,0.5,6,0
W 5622,0,2530595.81,5661576.87,welll489,thiem,0,0,0,0,0.5,6,0
W 5622,2,2530595.81,5661576.87,welll490,thiem,0,0,0,0,0.5,6,0
W 5623,0,2530563.12,5661467.53,welll491,thiem,0,0,0,0,0.5,6,0
W 5623,2,2530563.12,5661467.53,welll492,thiem,0,0,0,0,0.5,6,0
W 5626,0,2530412.66,5661661.85,welll493,thiem,0,0,0,0,0.5,6,0
W 5626,2,2530412.66,5661661.85,welll494,thiem,0,0,0,0,0.5,6,0
W 5627,0,2530394.99,5661531.65,welll495,thiem,0,0,0,0,0.5,6,0
W 5627,2,2530394.99,5661531.65,welll496,thiem,0,0,0,0,0.5,6,0
W 5628,0,2530509.37,5661366.26,welll497,thiem,0,0,0,0,0.5,6,0
W 5628,2,2530509.37,5661366.26,welll498,thiem,0,0,0,0,0.5,6,0
W 5629,0,2530709.21,5661351.89,welll499,thiem,0,0,0,0,0.5,6,0
W 5629,2,2530709.21,5661351.89,welll500,thiem,0,0,0,0,0.5,6,0
W 5631,0,2530737.46,5661187.21,welll501,thiem,0,0,0,0,0.5,6,0
W 5631,2,2530737.46,5661187.21,welll502,thiem,0,0,0,0,0.5,6,0
W 5632,0,2530857.45,5661066.9,welll503,thiem,0,0,0,0,0.5,6,0
W 5632,2,2530857.45,5661066.9,welll504,thiem,0,0,0,0,0.5,6,0
W 5633,0,2530833.49,5660892.04,welll505,thiem,0,0,0,0,0.5,6,0
W 5633,2,2530833.49,5660892.04,welll506,thiem,0,0,0,0,0.5,6,0
W 5634,0,2530791.28,5660992.05,welll507,thiem,0,0,0,0,0.5,6,0
W 5634,2,2530791.28,5660992.05,welll508,thiem,0,0,0,0,0.5,6,0
W 5638,0,2530543.26,5661202.64,welll509,thiem,0,0,0,0,0.5,6,0
W 5638,2,2530543.26,5661202.64,welll510,thiem,0,0,0,0,0.5,6,0
W 5639,0,2530599.19,5661108.37,welll511,thiem,0,0,0,0,0.5,6,0
W 5639,2,2530599.19,5661108.37,welll512,thiem,0,0,0,0,0.5,6,0
W 5640,0,2530638.39,5660982.72,welll513,thiem,0,0,0,0,0.5,6,0
W 5640,2,2530638.39,5660982.72,welll514,thiem,0,0,0,0,0.5,6,0
W 5643,0,2531052.16,5660163.7,welll515,thiem,0,0,0,0,0.5,6,0
W 5643,2,2531052.16,5660163.7,welll516,thiem,0,0,0,0,0.5,6,0
W 5646,0,2531182.23,5660228.43,welll517,thiem,0,0,0,0,0.5,6,0
W 5646,2,2531182.23,5660228.43,welll518,thiem,0,0,0,0,0.5,6,0
W 5648,0,2531100.09,5660019.25,welll519,thiem,0,0,0,0,0.5,6,0
W 5648,2,2531100.09,5660019.25,welll520,thiem,0,0,0,0,0.5,6,0
W 5649,0,2530927.67,5660005.48,welll521,thiem,0,0,0,0,0.5,6,0
W 5649,2,2530927.67,5660005.48,welll522,thiem,0,0,0,0,0.5,6,0
W 5650,0,2531010.19,5659835.25,welll523,thiem,0,0,0,0,0.5,6,0
W 5650,2,2531010.19,5659835.25,welll524,thiem,0,0,0,0,0.5,6,0
W 5651,0,2529489.74,5661680.64,welll525,thiem,0,0,0,0,0.5,6,0
W 5651,2,2529489.74,5661680.64,welll526,thiem,0,0,0,0,0.5,6,0
W 5654,0,2529311.35,5661467.34,welll527,thiem,0,0,0,0,0.5,6,0
W 5654,2,2529311.35,5661467.34,welll528,thiem,0,0,0,0,0.5,6,0
W 5655,0,2529453.65,5661208.6,welll529,thiem,0,0,0,0,0.5,6,0
W 5655,2,2529453.65,5661208.6,welll530,thiem,0,0,0,0,0.5,6,0
W 5656,0,2529537.33,5660912.45,welll531,thiem,0,0,0,0,0.5,6,0
W 5656,2,2529537.33,5660912.45,welll532,thiem,0,0,0,0,0.5,6,0
W 5657,0,2529591.76,5660712.12,welll533,thiem,0,0,0,0,0.5,6,0
W 5657,2,2529591.76,5660712.12,welll534,thiem,0,0,0,0,0.5,6,0
W 5658,0,2529677.3,5660496.36,welll535,thiem,0,0,0,0,0.5,6,0
W 5658,2,2529677.3,5660496.36,welll536,thiem,0,0,0,0,0.5,6,0
W 5659,0,2529818.26,5660332.08,welll537,thiem,0,0,0,0,0.5,6,0
W 5659,2,2529818.26,5660332.08,welll538,thiem,0,0,0,0,0.5,6,0
W 5660,0,2529878.7,5660141.48,welll539,thiem,0,0,0,0,0.5,6,0
W 5660,2,2529878.7,5660141.48,welll540,thiem,0,0,0,0,0.5,6,0
W 5661,0,2530056.31,5660027.97,welll541,thiem,0,0,0,0,0.5,6,0
W 5661,2,2530056.31,5660027.97,welll542,thiem,0,0,0,0,0.5,6,0
W 5662,0,2530160.68,5659814.99,welll543,thiem,0,0,0,0,0.5,6,0
W 5662,2,2530160.68,5659814.99,welll544,thiem,0,0,0,0,0.5,6,0
W 5663,0,2530208.74,5659692.98,welll545,thiem,0,0,0,0,0.5,6,0
W 5663,2,2530208.74,5659692.98,welll546,thiem,0,0,0,0,0.5,6,0
W 5664,0,2530323.36,5659559.65,welll547,thiem,0,0,0,0,0.5,6,0
W 5664,2,2530323.36,5659559.65,welll548,thiem,0,0,0,0,0.5,6,0
W 5667,0,2530492.81,5658468.37,welll549,thiem,0,0,0,0,0.5,6,0
W 5667,2,2530492.81,5658468.37,welll550,thiem,0,0,0,0,0.5,6,0
W 5668,0,2530662.58,5658303.57,welll551,thiem,0,0,0,0,0.5,6,0
W 5668,2,2530662.58,5658303.57,welll552,thiem,0,0,0,0,0.5,6,0
W 5669,0,2530788.91,5658086.46,welll553,thiem,0,0,0,0,0.5,6,0
W 5669,2,2530788.91,5658086.46,welll554,thiem,0,0,0,0,0.5,6,0
W 5670,0,2530845.87,5657927.18,welll555,thiem,0,0,0,0,0.5,6,0
W 5670,2,2530845.87,5657927.18,welll556,thiem,0,0,0,0,0.5,6,0
W 5671,0,2530973.03,5657749.48,welll557,thiem,0,0,0,0,0.5,6,0
W 5671,2,2530973.03,5657749.48,welll558,thiem,0,0,0,0,0.5,6,0
W 5672,0,2531259.34,5657377.3,welll559,thiem,0,0,0,0,0.5,6,0
W 5672,2,2531259.34,5657377.3,welll560,thiem,0,0,0,0,0.5,6,0
W 5673,0,2531269.55,5657164.53,welll561,thiem,0,0,0,0,0.5,6,0
W 5673,2,2531269.55,5657164.53,welll562,thiem,0,0,0,0,0.5,6,0
W 5677,0,2529843.74,5661618.45,welll563,thiem,0,0,0,0,0.5,6,0
W 5677,2,2529843.74,5661618.45,welll564,thiem,0,0,0,0,0.5,6,0
W 5678,0,2529926.29,5661430.13,welll565,thiem,0,0,0,0,0.5,6,0
W 5678,2,2529926.29,5661430.13,welll566,thiem,0,0,0,0,0.5,6,0
W 5679,0,2530007.65,5661296.01,welll567,thiem,0,0,0,0,0.5,6,0
W 5679,2,2530007.65,5661296.01,welll568,thiem,0,0,0,0,0.5,6,0
W 5680,0,2530099.25,5661118.77,welll569,thiem,0,0,0,0,0.5,6,0
W 5680,2,2530099.25,5661118.77,welll570,thiem,0,0,0,0,0.5,6,0
W 5681,0,2530301.13,5661620.7,welll571,thiem,0,0,0,0,0.5,6,0
W 5681,2,2530301.13,5661620.7,welll572,thiem,0,0,0,0,0.5,6,0
W 5682,0,2530352.04,5661389.91,welll573,thiem,0,0,0,0,0.5,6,0
W 5682,2,2530352.04,5661389.91,welll574,thiem,0,0,0,0,0.5,6,0
W 5683,0,2530397.93,5661079.13,welll575,thiem,0,0,0,0,0.5,6,0
W 5683,2,2530397.93,5661079.13,welll576,thiem,0,0,0,0,0.5,6,0
W 5684,0,2530113.19,5661764.51,welll577,thiem,0,0,0,0,0.5,6,0
W 5684,2,2530113.19,5661764.51,welll578,thiem,0,0,0,0,0.5,6,0
W 5685,0,2529955.8,5661772.82,welll579,thiem,0,0,0,0,0.5,6,0
W 5685,2,2529955.8,5661772.82,welll580,thiem,0,0,0,0,0.5,6,0
W 5686,0,2530093.03,5661681.46,welll581,thiem,0,0,0,0,0.5,6,0
W 5686,2,2530093.03,5661681.46,welll582,thiem,0,0,0,0,0.5,6,0
W 5687,0,2530135.43,5661529.92,welll583,thiem,0,0,0,0,0.5,6,0
W 5687,2,2530135.43,5661529.92,welll584,thiem,0,0,0,0,0.5,6,0
W 5688,0,2530010.4,5661566.48,welll585,thiem,0,0,0,0,0.5,6,0
W 5688,2,2530010.4,5661566.48,welll586,thiem,0,0,0,0,0.5,6,0
W 5689,0,2530111.15,5661378.09,welll587,thiem,0,0,0,0,0.5,6,0
W 5689,2,2530111.15,5661378.09,welll588,thiem,0,0,0,0,0.5,6,0
W 5690,0,2530213.96,5661247.43,welll589,thiem,0,0,0,0,0.5,6,0
W 5690,2,2530213.96,5661247.43,welll590,thiem,0,0,0,0,0.5,6,0
W 5691,0,2530215.32,5661190.78,welll591,thiem,0,0,0,0,0.5,6,0
W 5691,2,2530215.32,5661190.78,welll592,thiem,0,0,0,0,0.5,6,0
W 5695,0,2529687.78,5661170.84,welll593,thiem,0,0,0,0,0.5,6,0
W 5695,2,2529687.78,5661170.84,welll594,thiem,0,0,0,0,0.5,6,0
W 5697,0,2529785.56,5661640.84,welll595,thiem,0,0,0,0,0.5,6,0
W 5697,2,2529785.56,5661640.84,welll596,thiem,0,0,0,0,0.5,6,0
W 5698,0,2529745.8,5661533.04,welll597,thiem,0,0,0,0,0.5,6,0
W 5698,2,2529745.8,5661533.04,welll598,thiem,0,0,0,0,0.5,6,0
W 5699,0,2529673.44,5661637.56,welll599,thiem,0,0,0,0,0.5,6,0
W 5699,2,2529673.44,5661637.56,welll600,thiem,0,0,0,0,0.5,6,0
W 5701,0,2529835.23,5661410.25,welll601,thiem,0,0,0,0,0.5,6,0
W 5701,2,2529835.23,5661410.25,welll602,thiem,0,0,0,0,0.5,6,0
W 5702,0,2530007.65,5661296.01,welll603,thiem,0,0,0,0,0.5,6,0
W 5702,2,2530007.65,5661296.01,welll604,thiem,0,0,0,0,0.5,6,0
W 5704,0,2529836.54,5661219.35,welll605,thiem,0,0,0,0,0.5,6,0
W 5704,2,2529836.54,5661219.35,welll606,thiem,0,0,0,0,0.5,6,0
W 5706,0,2529972.09,5661080.06,welll607,thiem,0,0,0,0,0.5,6,0
W 5706,2,2529972.09,5661080.06,welll608,thiem,0,0,0,0,0.5,6,0
W 5707,0,2530077.13,5660969.4,welll609,thiem,0,0,0,0,0.5,6,0
W 5707,2,2530077.13,5660969.4,welll610,thiem,0,0,0,0,0.5,6,0
W 5708,0,2530114.93,5660851.06,welll611,thiem,0,0,0,0,0.5,6,0
W 5708,2,2530114.93,5660851.06,welll612,thiem,0,0,0,0,0.5,6,0
W 5709,0,2530224.04,5660704.11,welll613,thiem,0,0,0,0,0.5,6,0
W 5709,2,2530224.04,5660704.11,welll614,thiem,0,0,0,0,0.5,6,0
W 5713,0,2529867.38,5660998.59,welll615,thiem,0,0,0,0,0.5,6,0
W 5713,2,2529867.38,5660998.59,welll616,thiem,0,0,0,0,0.5,6,0
W 5715,0,2530082.84,5660818.48,welll617,thiem,0,0,0,0,0.5,6,0
W 5715,2,2530082.84,5660818.48,welll618,thiem,0,0,0,0,0.5,6,0
W 5716,0,2530154.48,5660990.97,welll619,thiem,0,0,0,0,0.5,6,0
W 5716,2,2530154.48,5660990.97,welll620,thiem,0,0,0,0,0.5,6,0
W 5717,0,2530291.31,5661032.2,welll621,thiem,0,0,0,0,0.5,6,0
W 5717,2,2530291.31,5661032.2,welll622,thiem,0,0,0,0,0.5,6,0
W 5718,0,2530298.42,5660979.85,welll623,thiem,0,0,0,0,0.5,6,0
W 5718,2,2530298.42,5660979.85,welll624,thiem,0,0,0,0,0.5,6,0
W 5719,0,2530426.37,5660935.57,welll625,thiem,0,0,0,0,0.5,6,0
W 5719,2,2530426.37,5660935.57,welll626,thiem,0,0,0,0,0.5,6,0
W 5720,0,2530282.56,5660860.74,welll627,thiem,0,0,0,0,0.5,6,0
W 5720,2,2530282.56,5660860.74,welll628,thiem,0,0,0,0,0.5,6,0
W 5721,0,2530503.66,5660841.54,welll629,thiem,0,0,0,0,0.5,6,0
W 5721,2,2530503.66,5660841.54,welll630,thiem,0,0,0,0,0.5,6,0
W 5722,0,2530453.63,5660808.54,welll631,thiem,0,0,0,0,0.5,6,0
W 5722,2,2530453.63,5660808.54,welll632,thiem,0,0,0,0,0.5,6,0
W 5723,0,2530575.02,5660889.41,welll633,thiem,0,0,0,0,0.5,6,0
W 5723,2,2530575.02,5660889.41,welll634,thiem,0,0,0,0,0.5,6,0
W 5724,0,2530557.99,5660770.89,welll635,thiem,0,0,0,0,0.5,6,0
W 5724,2,2530557.99,5660770.89,welll636,thiem,0,0,0,0,0.5,6,0
W 5725,0,2530607.86,5660789.63,welll637,thiem,0,0,0,0,0.5,6,0
W 5725,2,2530607.86,5660789.63,welll638,thiem,0,0,0,0,0.5,6,0
W 5727,0,2530624.86,5660629.56,welll639,thiem,0,0,0,0,0.5,6,0
W 5727,2,2530624.86,5660629.56,welll640,thiem,0,0,0,0,0.5,6,0
W 5728,0,2530808.54,5660545.81,welll641,thiem,0,0,0,0,0.5,6,0
W 5728,2,2530808.54,5660545.81,welll642,thiem,0,0,0,0,0.5,6,0
W 5729,0,2530881.21,5660576.89,welll643,thiem,0,0,0,0,0.5,6,0
W 5729,2,2530881.21,5660576.89,welll644,thiem,0,0,0,0,0.5,6,0
W 5731,0,2530830.63,5660465.77,welll645,thiem,0,0,0,0,0.5,6,0
W 5731,2,2530830.63,5660465.77,welll646,thiem,0,0,0,0,0.5,6,0
W 5732,0,2530835.24,5660302.15,welll647,thiem,0,0,0,0,0.5,6,0
W 5732,2,2530835.24,5660302.15,welll648,thiem,0,0,0,0,0.5,6,0
W 5733,0,2530806.63,5660165.36,welll649,thiem,0,0,0,0,0.5,6,0
W 5733,2,2530806.63,5660165.36,welll650,thiem,0,0,0,0,0.5,6,0
W 5734,0,2530433.49,5660327.98,welll651,thiem,0,0,0,0,0.5,6,0
W 5734,2,2530433.49,5660327.98,welll652,thiem,0,0,0,0,0.5,6,0
W 5735,0,2530537.15,5660173.64,welll653,thiem,0,0,0,0,0.5,6,0
W 5735,2,2530537.15,5660173.64,welll654,thiem,0,0,0,0,0.5,6,0
W 5736,0,2530624.71,5659942.3,welll655,thiem,0,0,0,0,0.5,6,0
W 5736,2,2530624.71,5659942.3,welll656,thiem,0,0,0,0,0.5,6,0
W 5737,0,2530739.3,5659806.75,welll657,thiem,0,0,0,0,0.5,6,0
W 5737,2,2530739.3,5659806.75,welll658,thiem,0,0,0,0,0.5,6,0
W 5740,0,2530946.34,5659154.11,welll659,thiem,0,0,0,0,0.5,6,0
W 5740,2,2530946.34,5659154.11,welll660,thiem,0,0,0,0,0.5,6,0
W 5741,0,2531073.74,5658934.89,welll661,thiem,0,0,0,0,0.5,6,0
W 5741,2,2531073.74,5658934.89,welll662,thiem,0,0,0,0,0.5,6,0
W 5742,0,2531135.36,5658758.01,welll663,thiem,0,0,0,0,0.5,6,0
W 5742,2,2531135.36,5658758.01,welll664,thiem,0,0,0,0,0.5,6,0
W 5743,0,2531306.54,5658632.33,welll665,thiem,0,0,0,0,0.5,6,0
W 5743,2,2531306.54,5658632.33,welll666,thiem,0,0,0,0,0.5,6,0
W 5744,0,2531406.64,5658393.02,welll667,thiem,0,0,0,0,0.5,6,0
W 5744,2,2531406.64,5658393.02,welll668,thiem,0,0,0,0,0.5,6,0
W 5746,0,2531440.82,5658219.03,welll669,thiem,0,0,0,0,0.5,6,0
W 5746,2,2531440.82,5658219.03,welll670,thiem,0,0,0,0,0.5,6,0
W 5752,0,2531180.11,5659406.45,welll671,thiem,0,0,0,0,0.5,6,0
W 5752,2,2531180.11,5659406.45,welll672,thiem,0,0,0,0,0.5,6,0
W 5753,0,2531077.13,5659497.92,welll673,thiem,0,0,0,0,0.5,6,0
W 5753,2,2531077.13,5659497.92,welll674,thiem,0,0,0,0,0.5,6,0
W 5754,0,2530908.91,5659794.04,welll675,thiem,0,0,0,0,0.5,6,0
W 5754,2,2530908.91,5659794.04,welll676,thiem,0,0,0,0,0.5,6,0
W 5755,0,2530863.86,5659865.57,welll677,thiem,0,0,0,0,0.5,6,0
W 5755,2,2530863.86,5659865.57,welll678,thiem,0,0,0,0,0.5,6,0
W 5756,0,2530779.11,5659986.93,welll679,thiem,0,0,0,0,0.5,6,0
W 5756,2,2530779.11,5659986.93,welll680,thiem,0,0,0,0,0.5,6,0
W 5757,0,2530520.69,5661267.49,welll681,thiem,0,0,0,0,0.5,6,0
W 5757,2,2530520.69,5661267.49,welll682,thiem,0,0,0,0,0.5,6,0
W 5761,0,2530587.15,5660190.99,welll683,thiem,0,0,0,0,0.5,6,0
W 5761,2,2530587.15,5660190.99,welll684,thiem,0,0,0,0,0.5,6,0
W 5762,0,2530546.09,5660398.48,welll685,thiem,0,0,0,0,0.5,6,0
W 5762,2,2530546.09,5660398.48,welll686,thiem,0,0,0,0,0.5,6,0
W 5763,0,2530545.19,5660483.14,welll687,thiem,0,0,0,0,0.5,6,0
W 5763,2,2530545.19,5660483.14,welll688,thiem,0,0,0,0,0.5,6,0
W 5764,0,2530465.35,5660256.47,welll689,thiem,0,0,0,0,0.5,6,0
W 5764,2,2530465.35,5660256.47,welll690,thiem,0,0,0,0,0.5,6,0
W 5765,0,2530413.78,5660491.08,welll691,thiem,0,0,0,0,0.5,6,0
W 5765,2,2530413.78,5660491.08,welll692,thiem,0,0,0,0,0.5,6,0
W 5766,0,2530316.98,5660533.56,welll693,thiem,0,0,0,0,0.5,6,0
W 5766,2,2530316.98,5660533.56,welll694,thiem,0,0,0,0,0.5,6,0
W 5767,0,2530302.21,5660456.73,welll695,thiem,0,0,0,0,0.5,6,0
W 5767,2,2530302.21,5660456.73,welll696,thiem,0,0,0,0,0.5,6,0
W 5768,0,2530322.5,5660298.63,welll697,thiem,0,0,0,0,0.5,6,0
W 5768,2,2530322.5,5660298.63,welll698,thiem,0,0,0,0,0.5,6,0
W 5769,0,2530951.61,5658894.85,welll699,thiem,0,0,0,0,0.5,6,0
W 5769,2,2530951.61,5658894.85,welll700,thiem,0,0,0,0,0.5,6,0
W 5770,0,2529701.17,5661461.03,welll701,thiem,0,0,0,0,0.5,6,0
W 5770,2,2529701.17,5661461.03,welll702,thiem,0,0,0,0,0.5,6,0
W 5771,0,2529984.89,5660909.28,welll703,thiem,0,0,0,0,0.5,6,0
W 5771,2,2529984.89,5660909.28,welll704,thiem,0,0,0,0,0.5,6,0
W 5773,0,2531420.81,5658066.46,welll705,thiem,0,0,0,0,0.5,6,0
W 5773,2,2531420.81,5658066.46,welll706,thiem,0,0,0,0,0.5,6,0
W 5786,0,2529493.84,5661447.41,welll707,thiem,0,0,0,0,0.5,6,0
W 5786,2,2529493.84,5661447.41,welll708,thiem,0,0,0,0,0.5,6,0
W 5787,0,2529533.61,5661339.74,welll709,thiem,0,0,0,0,0.5,6,0
W 5787,2,2529533.61,5661339.74,welll710,thiem,0,0,0,0,0.5,6,0
W 5788,0,2529469.75,5660413.27,welll711,thiem,0,0,0,0,0.5,6,0
W 5788,2,2529469.75,5660413.27,welll712,thiem,0,0,0,0,0.5,6,0
W 5790,0,2529748.05,5660083.46,welll713,thiem,0,0,0,0,0.5,6,0
W 5790,2,2529748.05,5660083.46,welll714,thiem,0,0,0,0,0.5,6,0
W 5791,0,2529485.21,5659986.3,welll715,thiem,0,0,0,0,0.5,6,0
W 5791,2,2529485.21,5659986.3,welll716,thiem,0,0,0,0,0.5,6,0
W 5792,0,2529640.36,5659754.35,welll717,thiem,0,0,0,0,0.5,6,0
W 5792,2,2529640.36,5659754.35,welll718,thiem,0,0,0,0,0.5,6,0
W 5793,0,2529869.4,5659694.67,welll719,thiem,0,0,0,0,0.5,6,0
W 5793,2,2529869.4,5659694.67,welll720,thiem,0,0,0,0,0.5,6,0
W 5794,0,2530021.42,5659621.19,welll721,thiem,0,0,0,0,0.5,6,0
W 5794,2,2530021.42,5659621.19,welll722,thiem,0,0,0,0,0.5,6,0
W 5795,0,2530206.33,5659536.39,welll723,thiem,0,0,0,0,0.5,6,0
W 5795,2,2530206.33,5659536.39,welll724,thiem,0,0,0,0,0.5,6,0
W 5797,0,2530472.55,5659129.92,welll725,thiem,0,0,0,0,0.5,6,0
W 5797,2,2530472.55,5659129.92,welll726,thiem,0,0,0,0,0.5,6,0
W 5803,0,2528936.5,5661440.96,welll727,thiem,0,0,0,0,0.5,6,0
W 5803,2,2528936.5,5661440.96,welll728,thiem,0,0,0,0,0.5,6,0
W 5806,0,2529264.88,5660866.74,welll729,thiem,0,0,0,0,0.5,6,0
W 5806,2,2529264.88,5660866.74,welll730,thiem,0,0,0,0,0.5,6,0
W 5808,0,2529322.41,5660420.69,welll731,thiem,0,0,0,0,0.5,6,0
W 5808,2,2529322.41,5660420.69,welll732,thiem,0,0,0,0,0.5,6,0
W 5809,0,2529384.24,5660299.39,welll733,thiem,0,0,0,0,0.5,6,0
W 5809,2,2529384.24,5660299.39,welll734,thiem,0,0,0,0,0.5,6,0
W 5811,0,2529833.59,5659036.77,welll735,thiem,0,0,0,0,0.5,6,0
W 5811,2,2529833.59,5659036.77,welll736,thiem,0,0,0,0,0.5,6,0
W 5812,0,2529847.94,5658788.96,welll737,thiem,0,0,0,0,0.5,6,0
W 5812,2,2529847.94,5658788.96,welll738,thiem,0,0,0,0,0.5,6,0
W 5815,0,2530172.81,5658373.2,welll739,thiem,0,0,0,0,0.5,6,0
W 5815,2,2530172.81,5658373.2,welll740,thiem,0,0,0,0,0.5,6,0
W 5827,0,2529746.14,5660936.37,welll741,thiem,0,0,0,0,0.5,6,0
W 5827,2,2529746.14,5660936.37,welll742,thiem,0,0,0,0,0.5,6,0
W 5829,0,2529870.62,5660834.26,welll743,thiem,0,0,0,0,0.5,6,0
W 5829,2,2529870.62,5660834.26,welll744,thiem,0,0,0,0,0.5,6,0
W 5830,0,2529806.28,5660701.6,welll745,thiem,0,0,0,0,0.5,6,0
W 5830,2,2529806.28,5660701.6,welll746,thiem,0,0,0,0,0.5,6,0
W 5831,0,2529934,5660711.71,welll747,thiem,0,0,0,0,0.5,6,0
W 5831,2,2529934,5660711.71,welll748,thiem,0,0,0,0,0.5,6,0
W 5832,0,2530055,5660662.9,welll749,thiem,0,0,0,0,0.5,6,0
W 5832,2,2530055,5660662.9,welll750,thiem,0,0,0,0,0.5,6,0
W 5833,0,2530125.63,5660487.25,welll751,thiem,0,0,0,0,0.5,6,0
W 5833,2,2530125.63,5660487.25,welll752,thiem,0,0,0,0,0.5,6,0
W 5834,0,2530028.17,5660541.69,welll753,thiem,0,0,0,0,0.5,6,0
W 5834,2,2530028.17,5660541.69,welll754,thiem,0,0,0,0,0.5,6,0
W 5835,0,2529979.74,5660435.2,welll755,thiem,0,0,0,0,0.5,6,0
W 5835,2,2529979.74,5660435.2,welll756,thiem,0,0,0,0,0.5,6,0
W 5838,0,2530026.37,5660334.02,welll757,thiem,0,0,0,0,0.5,6,0
W 5838,2,2530026.37,5660334.02,welll758,thiem,0,0,0,0,0.5,6,0
W 5839,0,2530221.24,5660315.64,welll759,thiem,0,0,0,0,0.5,6,0
W 5839,2,2530221.24,5660315.64,welll760,thiem,0,0,0,0,0.5,6,0
W 5840,0,2530162.07,5660143.18,welll761,thiem,0,0,0,0,0.5,6,0
W 5840,2,2530162.07,5660143.18,welll762,thiem,0,0,0,0,0.5,6,0
W 5841,0,2530612.86,5660073.51,welll763,thiem,0,0,0,0,0.5,6,0
W 5841,2,2530612.86,5660073.51,welll764,thiem,0,0,0,0,0.5,6,0
W 5843,0,2530772.1,5659652.2,welll765,thiem,0,0,0,0,0.5,6,0
W 5843,2,2530772.1,5659652.2,welll766,thiem,0,0,0,0,0.5,6,0
W 5844,0,2530476.41,5659894.07,welll767,thiem,0,0,0,0,0.5,6,0
W 5844,2,2530476.41,5659894.07,welll768,thiem,0,0,0,0,0.5,6,0
W 5845,0,2530649.27,5659746.52,welll769,thiem,0,0,0,0,0.5,6,0
W 5845,2,2530649.27,5659746.52,welll770,thiem,0,0,0,0,0.5,6,0
W 5846,0,2530711.62,5659547.14,welll771,thiem,0,0,0,0,0.5,6,0
W 5846,2,2530711.62,5659547.14,welll772,thiem,0,0,0,0,0.5,6,0
W 5847,0,2530954.87,5659562.36,welll773,thiem,0,0,0,0,0.5,6,0
W 5847,2,2530954.87,5659562.36,welll774,thiem,0,0,0,0,0.5,6,0
W 5850,0,2530980.85,5659418.42,welll775,thiem,0,0,0,0,0.5,6,0
W 5850,2,2530980.85,5659418.42,welll776,thiem,0,0,0,0,0.5,6,0
W 5851,0,2531047.84,5659357.25,welll777,thiem,0,0,0,0,0.5,6,0
W 5851,2,2531047.84,5659357.25,welll778,thiem,0,0,0,0,0.5,6,0
W 5852,0,2530855.27,5659348.5,welll779,thiem,0,0,0,0,0.5,6,0
W 5852,2,2530855.27,5659348.5,welll780,thiem,0,0,0,0,0.5,6,0
W 5854,0,2531109.77,5659143.09,welll781,thiem,0,0,0,0,0.5,6,0
W 5854,2,2531109.77,5659143.09,welll782,thiem,0,0,0,0,0.5,6,0
W 5855,0,2531152.9,5658985.09,welll783,thiem,0,0,0,0,0.5,6,0
W 5855,2,2531152.9,5658985.09,welll784,thiem,0,0,0,0,0.5,6,0
W 5856,0,2531237.46,5658923.93,welll785,thiem,0,0,0,0,0.5,6,0
W 5856,2,2531237.46,5658923.93,welll786,thiem,0,0,0,0,0.5,6,0
W 5857,0,2531312.68,5658769.53,welll787,thiem,0,0,0,0,0.5,6,0
W 5857,2,2531312.68,5658769.53,welll788,thiem,0,0,0,0,0.5,6,0
W 5858,0,2531415.24,5658715.65,welll789,thiem,0,0,0,0,0.5,6,0
W 5858,2,2531415.24,5658715.65,welll790,thiem,0,0,0,0,0.5,6,0
W 5864,0,2531442.69,5658537.48,welll791,thiem,0,0,0,0,0.5,6,0
W 5864,2,2531442.69,5658537.48,welll792,thiem,0,0,0,0,0.5,6,0
W 5865,0,2531497.78,5658411,welll793,thiem,0,0,0,0,0.5,6,0
W 5865,2,2531497.78,5658411,welll794,thiem,0,0,0,0,0.5,6,0
W 5866,0,2531588.34,5658282.41,welll795,thiem,0,0,0,0,0.5,6,0
W 5866,2,2531588.34,5658282.41,welll796,thiem,0,0,0,0,0.5,6,0
W 5868,0,2531571.89,5658144.2,welll797,thiem,0,0,0,0,0.5,6,0
W 5868,2,2531571.89,5658144.2,welll798,thiem,0,0,0,0,0.5,6,0
W 5869,0,2531717.75,5657792.08,welll799,thiem,0,0,0,0,0.5,6,0
W 5869,2,2531717.75,5657792.08,welll800,thiem,0,0,0,0,0.5,6,0
W 5870,0,2531646.62,5657515.24,welll801,thiem,0,0,0,0,0.5,6,0
W 5870,2,2531646.62,5657515.24,welll802,thiem,0,0,0,0,0.5,6,0
W 5873,0,2531831.12,5657078.52,welll803,thiem,0,0,0,0,0.5,6,0
W 5873,2,2531831.12,5657078.52,welll804,thiem,0,0,0,0,0.5,6,0
W 5875,0,2531974.94,5657718.46,welll805,thiem,0,0,0,0,0.5,6,0
W 5875,2,2531974.94,5657718.46,welll806,thiem,0,0,0,0,0.5,6,0
W 5877,0,2530299.84,5659899.2,welll807,thiem,0,0,0,0,0.5,6,0
W 5877,2,2530299.84,5659899.2,welll808,thiem,0,0,0,0,0.5,6,0
W 5878,0,2530928.14,5659308.28,welll809,thiem,0,0,0,0,0.5,6,0
W 5878,2,2530928.14,5659308.28,welll810,thiem,0,0,0,0,0.5,6,0
W 5879,0,2531496.47,5657280.82,welll811,thiem,0,0,0,0,0.5,6,0
W 5879,2,2531496.47,5657280.82,welll812,thiem,0,0,0,0,0.5,6,0
W 5880,0,2531338.29,5657814.53,welll813,thiem,0,0,0,0,0.5,6,0
W 5880,2,2531338.29,5657814.53,welll814,thiem,0,0,0,0,0.5,6,0
W 5881,0,2530593.96,5658744.62,welll815,thiem,0,0,0,0,0.5,6,0
W 5881,2,2530593.96,5658744.62,welll816,thiem,0,0,0,0,0.5,6,0
W 5885,0,2531445.3,5657567.61,welll817,thiem,0,0,0,0,0.5,6,0
W 5885,2,2531445.3,5657567.61,welll818,thiem,0,0,0,0,0.5,6,0
W 5909,0,2530534.54,5659329.11,welll819,thiem,0,0,0,0,0.5,6,0
W 5909,2,2530534.54,5659329.11,welll820,thiem,0,0,0,0,0.5,6,0
W 5911,0,2530676.37,5658969.03,welll821,thiem,0,0,0,0,0.5,6,0
W 5911,2,2530676.37,5658969.03,welll822,thiem,0,0,0,0,0.5,6,0
W 5912,0,2530835.69,5658804.71,welll823,thiem,0,0,0,0,0.5,6,0
W 5912,2,2530835.69,5658804.71,welll824,thiem,0,0,0,0,0.5,6,0
W 5914,0,2531158.94,5658557.53,welll825,thiem,0,0,0,0,0.5,6,0
W 5914,2,2531158.94,5658557.53,welll826,thiem,0,0,0,0,0.5,6,0
W 5915,0,2531285.48,5658254.62,welll827,thiem,0,0,0,0,0.5,6,0
W 5915,2,2531285.48,5658254.62,welll828,thiem,0,0,0,0,0.5,6,0
W 5920,0,2531428.12,5658264.64,welll829,thiem,0,0,0,0,0.5,6,0
W 5920,2,2531428.12,5658264.64,welll830,thiem,0,0,0,0,0.5,6,0
W 5921,0,2531375.36,5658512.66,welll831,thiem,0,0,0,0,0.5,6,0
W 5921,2,2531375.36,5658512.66,welll832,thiem,0,0,0,0,0.5,6,0
W 5923,0,2531249.31,5658410.8,welll833,thiem,0,0,0,0,0.5,6,0
W 5923,2,2531249.31,5658410.8,welll834,thiem,0,0,0,0,0.5,6,0
W 5926,0,2531035.77,5658650.52,welll835,thiem,0,0,0,0,0.5,6,0
W 5926,2,2531035.77,5658650.52,welll836,thiem,0,0,0,0,0.5,6,0
W 5927,0,2531134.99,5658885.46,welll837,thiem,0,0,0,0,0.5,6,0
W 5927,2,2531134.99,5658885.46,welll838,thiem,0,0,0,0,0.5,6,0
W 5929,0,2531030.14,5658773.33,welll839,thiem,0,0,0,0,0.5,6,0
W 5929,2,2531030.14,5658773.33,welll840,thiem,0,0,0,0,0.5,6,0
W 5932,0,2530867.03,5659003.13,welll841,thiem,0,0,0,0,0.5,6,0
W 5932,2,2530867.03,5659003.13,welll842,thiem,0,0,0,0,0.5,6,0
W 5935,0,2530712.02,5659247.36,welll843,thiem,0,0,0,0,0.5,6,0
W 5935,2,2530712.02,5659247.36,welll844,thiem,0,0,0,0,0.5,6,0
W 5938,0,2530822.49,5659110.98,welll845,thiem,0,0,0,0,0.5,6,0
W 5938,2,2530822.49,5659110.98,welll846,thiem,0,0,0,0,0.5,6,0
W 5943,0,2530698.99,5659316.15,welll847,thiem,0,0,0,0,0.5,6,0
W 5943,2,2530698.99,5659316.15,welll848,thiem,0,0,0,0,0.5,6,0
W 5946,0,2530428.03,5659711.79,welll849,thiem,0,0,0,0,0.5,6,0
W 5946,2,2530428.03,5659711.79,welll850,thiem,0,0,0,0,0.5,6,0
W 5955,0,2530485.97,5659575.78,welll851,thiem,0,0,0,0,0.5,6,0
W 5955,2,2530485.97,5659575.78,welll852,thiem,0,0,0,0,0.5,6,0
W 5960,0,2529930.95,5659815.97,welll853,thiem,0,0,0,0,0.5,6,0
W 5960,2,2529930.95,5659815.97,welll854,thiem,0,0,0,0,0.5,6,0
W 5961,0,2530060.51,5659419.37,welll855,thiem,0,0,0,0,0.5,6,0
W 5961,2,2530060.51,5659419.37,welll856,thiem,0,0,0,0,0.5,6,0
W 5962,0,2530056.43,5659052.14,welll857,thiem,0,0,0,0,0.5,6,0
W 5962,2,2530056.43,5659052.14,welll858,thiem,0,0,0,0,0.5,6,0
W 5963,0,2530041.18,5658643.89,welll859,thiem,0,0,0,0,0.5,6,0
W 5963,2,2530041.18,5658643.89,welll860,thiem,0,0,0,0,0.5,6,0
W 5964,0,2529403.38,5660117.77,welll861,thiem,0,0,0,0,0.5,6,0
W 5964,2,2529403.38,5660117.77,welll862,thiem,0,0,0,0,0.5,6,0
W 5965,0,2529478.54,5659794.79,welll863,thiem,0,0,0,0,0.5,6,0
W 5965,2,2529478.54,5659794.79,welll864,thiem,0,0,0,0,0.5,6,0
W 5966,0,2529501.04,5659599.41,welll865,thiem,0,0,0,0,0.5,6,0
W 5966,2,2529501.04,5659599.41,welll866,thiem,0,0,0,0,0.5,6,0
W 5967,0,2529475.38,5659258.2,welll867,thiem,0,0,0,0,0.5,6,0
W 5967,2,2529475.38,5659258.2,welll868,thiem,0,0,0,0,0.5,6,0
W 5968,0,2530197.67,5659976.56,welll869,thiem,0,0,0,0,0.5,6,0
W 5968,2,2530197.67,5659976.56,welll870,thiem,0,0,0,0,0.5,6,0
W 5969,0,2530312.95,5659809.79,welll871,thiem,0,0,0,0,0.5,6,0
W 5969,2,2530312.95,5659809.79,welll872,thiem,0,0,0,0,0.5,6,0
W 5970,0,2530906.99,5658435.48,welll873,thiem,0,0,0,0,0.5,6,0
W 5970,2,2530906.99,5658435.48,welll874,thiem,0,0,0,0,0.5,6,0
W 5971,0,2531014.02,5658315.17,welll875,thiem,0,0,0,0,0.5,6,0
W 5971,2,2531014.02,5658315.17,welll876,thiem,0,0,0,0,0.5,6,0
W 5972,0,2531151.38,5658159.36,welll877,thiem,0,0,0,0,0.5,6,0
W 5972,2,2531151.38,5658159.36,welll878,thiem,0,0,0,0,0.5,6,0
W 5973,0,2531245.68,5657984.43,welll879,thiem,0,0,0,0,0.5,6,0
W 5973,2,2531245.68,5657984.43,welll880,thiem,0,0,0,0,0.5,6,0
W 5977,0,2530241.98,5658790.95,welll881,thiem,0,0,0,0,0.5,6,0
W 5977,2,2530241.98,5658790.95,welll882,thiem,0,0,0,0,0.5,6,0
W 5981,0,2529184.99,5659464.39,welll883,thiem,0,0,0,0,0.5,6,0
W 5981,2,2529184.99,5659464.39,welll884,thiem,0,0,0,0,0.5,6,0
W 5982,0,2529145.25,5659794.52,welll885,thiem,0,0,0,0,0.5,6,0
W 5982,2,2529145.25,5659794.52,welll886,thiem,0,0,0,0,0.5,6,0
W 5983,0,2529166.24,5660140.57,welll887,thiem,0,0,0,0,0.5,6,0
W 5983,2,2529166.24,5660140.57,welll888,thiem,0,0,0,0,0.5,6,0
W 5984,0,2529128.81,5660328.34,welll889,thiem,0,0,0,0,0.5,6,0
W 5984,2,2529128.81,5660328.34,welll890,thiem,0,0,0,0,0.5,6,0
W 6004,0,2529365.95,5661366.98,welll891,thiem,0,0,0,0,0.5,6,0
W 6004,2,2529365.95,5661366.98,welll892,thiem,0,0,0,0,0.5,6,0
W 6007,0,2529370.15,5661599.69,welll893,thiem,0,0,0,0,0.5,6,0
W 6007,2,2529370.15,5661599.69,welll894,thiem,0,0,0,0,0.5,6,0
W 6016,0,2529575.56,5661051.58,welll895,thiem,0,0,0,0,0.5,6,0
W 6016,2,2529575.56,5661051.58,welll896,thiem,0,0,0,0,0.5,6,0
W 6022,0,2529717.33,5660647.3,welll897,thiem,0,0,0,0,0.5,6,0
W 6022,2,2529717.33,5660647.3,welll898,thiem,0,0,0,0,0.5,6,0
W 6023,0,2529785.25,5660374.87,welll899,thiem,0,0,0,0,0.5,6,0
W 6023,2,2529785.25,5660374.87,welll900,thiem,0,0,0,0,0.5,6,0
W 6025,0,2529613.21,5660203.93,welll901,thiem,0,0,0,0,0.5,6,0
W 6025,2,2529613.21,5660203.93,welll902,thiem,0,0,0,0,0.5,6,0
W 6051,0,2529408.45,5661494.28,welll903,thiem,0,0,0,0,0.5,6,0
W 6051,2,2529408.45,5661494.28,welll904,thiem,0,0,0,0,0.5,6,0
W 6058,0,2529507.56,5661199.37,welll905,thiem,0,0,0,0,0.5,6,0
W 6058,2,2529507.56,5661199.37,welll906,thiem,0,0,0,0,0.5,6,0
W 6060,0,2529475.83,5661131.08,welll907,thiem,0,0,0,0,0.5,6,0
W 6060,2,2529475.83,5661131.08,welll908,thiem,0,0,0,0,0.5,6,0
W 6063,0,2529614.04,5660852.61,welll909,thiem,0,0,0,0,0.5,6,0
W 6063,2,2529614.04,5660852.61,welll910,thiem,0,0,0,0,0.5,6,0
W 6068,0,2529496.92,5660729.11,welll911,thiem,0,0,0,0,0.5,6,0
W 6068,2,2529496.92,5660729.11,welll912,thiem,0,0,0,0,0.5,6,0
W 6073,0,2529580.25,5660464.6,welll913,thiem,0,0,0,0,0.5,6,0
W 6073,2,2529580.25,5660464.6,welll914,thiem,0,0,0,0,0.5,6,0
W 6077,0,2529845.34,5660234.47,welll915,thiem,0,0,0,0,0.5,6,0
W 6077,2,2529845.34,5660234.47,welll916,thiem,0,0,0,0,0.5,6,0
W 6083,0,2529926.58,5659987.54,welll917,thiem,0,0,0,0,0.5,6,0
W 6083,2,2529926.58,5659987.54,welll918,thiem,0,0,0,0,0.5,6,0
W 6084,0,2529605.31,5659991.88,welll919,thiem,0,0,0,0,0.5,6,0
W 6084,2,2529605.31,5659991.88,welll920,thiem,0,0,0,0,0.5,6,0
W 6085,0,2529854.09,5659791.48,welll921,thiem,0,0,0,0,0.5,6,0
W 6085,2,2529854.09,5659791.48,welll922,thiem,0,0,0,0,0.5,6,0
W 6086,0,2530039.79,5659708.78,welll923,thiem,0,0,0,0,0.5,6,0
W 6086,2,2530039.79,5659708.78,welll924,thiem,0,0,0,0,0.5,6,0
W 6088,0,2530206.56,5659142.29,welll925,thiem,0,0,0,0,0.5,6,0
W 6088,2,2530206.56,5659142.29,welll926,thiem,0,0,0,0,0.5,6,0
W 6090,0,2530729.99,5658456.98,welll927,thiem,0,0,0,0,0.5,6,0
W 6090,2,2530729.99,5658456.98,welll928,thiem,0,0,0,0,0.5,6,0
W 6091,0,2530967.37,5658173.61,welll929,thiem,0,0,0,0,0.5,6,0
W 6091,2,2530967.37,5658173.61,welll930,thiem,0,0,0,0,0.5,6,0
W 6093,0,2531115.39,5657833.47,welll931,thiem,0,0,0,0,0.5,6,0
W 6093,2,2531115.39,5657833.47,welll932,thiem,0,0,0,0,0.5,6,0
W 6097,0,2531474.69,5657482.64,welll933,thiem,0,0,0,0,0.5,6,0
W 6097,2,2531474.69,5657482.64,welll934,thiem,0,0,0,0,0.5,6,0
W 6156,0,2530303.46,5658511.12,welll935,thiem,0,0,0,0,0.5,6,0
W 6156,2,2530303.46,5658511.12,welll936,thiem,0,0,0,0,0.5,6,0
W 6163,0,2530873.39,5658294.69,welll937,thiem,0,0,0,0,0.5,6,0
W 6163,2,2530873.39,5658294.69,welll938,thiem,0,0,0,0,0.5,6,0
W 6191,0,2529688.44,5659500.61,welll939,thiem,0,0,0,0,0.5,6,0
W 6191,2,2529688.44,5659500.61,welll940,thiem,0,0,0,0,0.5,6,0
W 6193,0,2529648.94,5659177.32,welll941,thiem,0,0,0,0,0.5,6,0
W 6193,2,2529648.94,5659177.32,welll942,thiem,0,0,0,0,0.5,6,0
W 6200,0,2529988.65,5658509.59,welll943,thiem,0,0,0,0,0.5,6,0
W 6200,2,2529988.65,5658509.59,welll944,thiem,0,0,0,0,0.5,6,0
W 6474,0,2530425.45,5658214,welll945,thiem,0,0,0,0,0.5,6,0
W 6474,2,2530425.45,5658214,welll946,thiem,0,0,0,0,0.5,6,0
W 6618,0,2529383.95,5661688.27,welll947,thiem,0,0,0,0,0.5,6,0
W 6618,2,2529383.95,5661688.27,welll948,thiem,0,0,0,0,0.5,6,0
W 6619,0,2529265.43,5661631.55,welll949,thiem,0,0,0,0,0.5,6,0
W 6619,2,2529265.43,5661631.55,welll950,thiem,0,0,0,0,0.5,6,0
WA5789,0,2529533.01,5660047.99,welll951,thiem,0,0,0,0,0.5,6,0
WA5789,2,2529533.01,5660047.99,welll952,thiem,0,0,0,0,0.5,6,0
WA5980,0,2530069.25,5658783.1,welll953,thiem,0,0,0,0,0.5,6,0
WA5980,2,2530069.25,5658783.1,welll954,thiem,0,0,0,0,0.5,6,0
WA6050,0,2529247.38,5661471.7,welll955,thiem,0,0,0,0,0.5,6,0
WA6050,2,2529247.38,5661471.7,welll956,thiem,0,0,0,0,0.5,6,0
WA6065,0,2529454.2,5660857.86,welll957,thiem,0,0,0,0,0.5,6,0
WA6065,2,2529454.2,5660857.86,welll958,thiem,0,0,0,0,0.5,6,0
WA6137,0,2529416.15,5660825.9,welll959,thiem,0,0,0,0,0.5,6,0
WA6137,2,2529416.15,5660825.9,welll960,thiem,0,0,0,0,0.5,6,0
WA6152,0,2530204.63,5659448.13,welll961,thiem,0,0,0,0,0.5,6,0
WA6152,2,2530204.63,5659448.13,welll962,thiem,0,0,0,0,0.5,6,0
WA6153,0,2529816.03,5659970.15,welll963,thiem,0,0,0,0,0.5,6,0
WA6153,2,2529816.03,5659970.15,welll964,thiem,0,0,0,0,0.5,6,0
WA6162,0,2531203.3,5657710.36,welll965,thiem,0,0,0,0,0.5,6,0
WA6162,2,2531203.3,5657710.36,welll966,thiem,0,0,0,0,0.5,6,0
WA6180,0,2529074.22,5661493.79,welll967,thiem,0,0,0,0,0.5,6,0
WA6180,2,2529074.22,5661493.79,welll968,thiem,0,0,0,0,0.5,6,0
WA6189,0,2529283.54,5660260.63,welll969,thiem,0,0,0,0,0.5,6,0
WA6189,2,2529283.54,5660260.63,welll970,thiem,0,0,0,0,0.5,6,0
WA6228,0,2529441.13,5660717.48,welll971,thiem,0,0,0,0,0.5,6,0
WA6228,2,2529441.13,5660717.48,welll972,thiem,0,0,0,0,0.5,6,0
W 6320,2,2529362.87,5661522.14,welll1004,thiem,0,0,0,0,0.5,6,0
WA5810,2,2529583.37,5659113.14,welll1014,thiem,0,0,0,0,0.5,6,0
WA5814,2,2530084.04,5658515.11,welll1018,thiem,0,0,0,0,0.5,6,0
WA5979,2,2530069.32,5659195.8,welll1034,thiem,0,0,0,0,0.5,6,0
WA6094,2,2531364.69,5657718.69,welll1062,thiem,0,0,0,0,0.5,6,0
WA6096,2,2531448.58,5657342.93,welll1066,thiem,0,0,0,0,0.5,6,0
WA6098,2,2531410.44,5657114.25,welll1068,thiem,0,0,0,0,0.5,6,0
WA6155,2,2530012.82,5659505.79,welll1080,thiem,0,0,0,0,0.5,6,0
WA6160,2,2531053.61,5658027.57,welll1084,thiem,0,0,0,0,0.5,6,0
WA6198,2,2529925.87,5658928.57,welll1106,thiem,0,0,0,0,0.5,6,0
WA6210,2,2531015.46,5657321.43,welll1122,thiem,0,0,0,0,0.5,6,0
WA6240,2,2529632.84,5659575.28,welll1134,thiem,0,0,0,0,0.5,6,0
WA6244,2,2529700.16,5658949.67,welll1140,thiem,0,0,0,0,0.5,6,0
WA6287,2,2529139.75,5659257.96,welll1192,thiem,0,0,0,0,0.5,6,0
WA6302,2,2529735.32,5657797.18,welll1220,thiem,0,0,0,0,0.5,6,0
WA6342,2,2529333.34,5658506.41,welll1250,thiem,0,0,0,0,0.5,6,0
WA6348,2,2529453.79,5657904.41,welll1260,thiem,0,0,0,0,0.5,6,0
WA6350,2,2529053.18,5657958.64,welll1262,thiem,0,0,0,0,0.5,6,0
WA6388,2,2530857.49,5657509.51,welll1280,thiem,0,0,0,0,0.5,6,0
WA6433,2,2528666.54,5658930.85,welll1292,thiem,0,0,0,0,0.5,6,0
WA6617,2,2530359.34,5658070.28,welll1310,thiem,0,0,0,0,0.5,6,0
